,리뷰,별점,영업 시간,이미지url,가게명,가게 주소
0,치즈닭갈비 최고..! 치즈 풍미가 장난이 아니에요조리되어 나와서 바로 먹을 수 있고 양이 많아서 좋았어요배불러서 볶음밥 못먹음 ㅜㅜ,5,매일 11:00 ~ 23:00,'//t1.kakaocdn.net/thumb/T800x0.q80/?fname=http%3A%2F%2Ft1.daumcdn.net%2Fplace%2F49DBA659C82349DCBBA563CDBEF641AE',장인닭갈비 강남점,서울 강남구 테헤란로1길 19 지하1층 (우)06134
1,치즈 있는 닭갈비 처음 먹어봤는데 진짜 맛도리였어요. 여기 닭갈비가 매워서 치즈는 필수.. 그리고 강남역 한복판.. 사람들로 엄청 북적이는데 가게 내부는 넓어서 괜찮았어요. 저녁에는 시간에 따라 웨이팅도 있는듯.,5,매일 11:00 ~ 23:00,'//t1.kakaocdn.net/thumb/T800x0.q80/?fname=http%3A%2F%2Ft1.daumcdn.net%2Fplace%2F49DBA659C82349DCBBA563CDBEF641AE',장인닭갈비 강남점,서울 강남구 테헤란로1길 19 지하1층 (우)06134
2,맛은 그냥 보통임. 가운데에 치즈가 있어서 보기에는 괜춘함.,3,매일 11:00 ~ 23:00,'//t1.kakaocdn.net/thumb/T800x0.q80/?fname=http%3A%2F%2Ft1.daumcdn.net%2Fplace%2F49DBA659C82349DCBBA563CDBEF641AE',장인닭갈비 강남점,서울 강남구 테헤란로1길 19 지하1층 (우)06134
3,3/3일 방문 저녁 9시쯤 방문하여 밥먹는데 벽에서 쥐나와서 활보함... 쥐나왔는데 직원들은 별 개의치 않고 손님들만 개 기겁함 살다살다 식당에서 큰 쥐가 돌아다니는거 처음보네 덕분에 집갈 때 그림자만 봐도 쥐인가 식겁함... 어지간하면 댓글 안남기는데 이게 첫 댓글임,1,매일 11:00 ~ 23:00,'//t1.kakaocdn.net/thumb/T800x0.q80/?fname=http%3A%2F%2Ft1.daumcdn.net%2Fplace%2F49DBA659C82349DCBBA563CDBEF641AE',장인닭갈비 강남점,서울 강남구 테헤란로1길 19 지하1층 (우)06134
4,직원분이 너~무 불친절하세요불키라는 말도 안해주고 계속 명령조로 얘기하십니다ㅎㅎ,1,매일 11:00 ~ 23:00,'//t1.kakaocdn.net/thumb/T800x0.q80/?fname=http%3A%2F%2Ft1.daumcdn.net%2Fplace%2F49DBA659C82349DCBBA563CDBEF641AE',장인닭갈비 강남점,서울 강남구 테헤란로1길 19 지하1층 (우)06134
5,닭갈비 맛있습니다. 늘 사람이 많고 정신 없어서 서비스가 좀 아쉽습니다,3,매일 11:00 ~ 23:00,'//t1.kakaocdn.net/thumb/T800x0.q80/?fname=http%3A%2F%2Ft1.daumcdn.net%2Fplace%2F49DBA659C82349DCBBA563CDBEF641AE',장인닭갈비 강남점,서울 강남구 테헤란로1길 19 지하1층 (우)06134
6,고냥저냥,4,매일 11:00 ~ 23:00,'//t1.kakaocdn.net/thumb/T800x0.q80/?fname=http%3A%2F%2Ft1.daumcdn.net%2Fplace%2F49DBA659C82349DCBBA563CDBEF641AE',장인닭갈비 강남점,서울 강남구 테헤란로1길 19 지하1층 (우)06134
7,웨이팅 - 금요일 강남이여도 금방빠지긴 했습니다.위생 - 컵이 제대로 닦이지 않은걸 줘서 직원분 콜을 했는데 바꿔드릴까요? 라고 물어봅니다.직원 - 주문이 잘못들어간걸 다시 원래 주문대로 바꿔주면서 바꿔드렸어요~ 하고 빌지 툭 던지고 갑니다.설명 - 음식에 대한 설명을 하려는거 같은데 안하느니만 못하게 하십니다.건강 - 이거 먹고 배탈났습니다.재방문 - 안합니다.,1,매일 11:00 ~ 23:00,'//t1.kakaocdn.net/thumb/T800x0.q80/?fname=http%3A%2F%2Ft1.daumcdn.net%2Fplace%2F49DBA659C82349DCBBA563CDBEF641AE',장인닭갈비 강남점,서울 강남구 테헤란로1길 19 지하1층 (우)06134
8,,4,매일 11:00 ~ 23:00,'//t1.kakaocdn.net/thumb/T800x0.q80/?fname=http%3A%2F%2Ft1.daumcdn.net%2Fplace%2F49DBA659C82349DCBBA563CDBEF641AE',장인닭갈비 강남점,서울 강남구 테헤란로1길 19 지하1층 (우)06134
9,가게 자체가 정신 없고 시끄럽고 직원분들이 많이 안 계셔서 그런지 벨을 여러번 눌러도 못 오시는 것 같아요. 주문하려면 10분 정도 기다려야 하더라구요. 닭갈비가 그렇게 먹음직스러워 보이지 않았지만 볶음밥이 맛있어서 2점 드려요..뼈없는닭갈비,2,매일 11:00 ~ 23:00,'//t1.kakaocdn.net/thumb/T800x0.q80/?fname=http%3A%2F%2Ft1.daumcdn.net%2Fplace%2F49DBA659C82349DCBBA563CDBEF641AE',장인닭갈비 강남점,서울 강남구 테헤란로1길 19 지하1층 (우)06134
10,개 정신없고 직원이 매우 불친절함 다시 찾지 않을 것 같음안내 직원이 이리와라 저리가라 명령조로 지시함조교 출신인듯,1,매일 11:00 ~ 23:00,'//t1.kakaocdn.net/thumb/T800x0.q80/?fname=http%3A%2F%2Ft1.daumcdn.net%2Fplace%2F49DBA659C82349DCBBA563CDBEF641AE',장인닭갈비 강남점,서울 강남구 테헤란로1길 19 지하1층 (우)06134
11,,5,매일 11:00 ~ 23:00,'//t1.kakaocdn.net/thumb/T800x0.q80/?fname=http%3A%2F%2Ft1.daumcdn.net%2Fplace%2F49DBA659C82349DCBBA563CDBEF641AE',장인닭갈비 강남점,서울 강남구 테헤란로1길 19 지하1층 (우)06134
12,,5,매일 11:00 ~ 23:00,'//t1.kakaocdn.net/thumb/T800x0.q80/?fname=http%3A%2F%2Ft1.daumcdn.net%2Fplace%2F49DBA659C82349DCBBA563CDBEF641AE',장인닭갈비 강남점,서울 강남구 테헤란로1길 19 지하1층 (우)06134
13,진짜 맛있네요... 닭갈비 땡길땐 여기!!,5,매일 11:00 ~ 23:00,'//t1.kakaocdn.net/thumb/T800x0.q80/?fname=http%3A%2F%2Ft1.daumcdn.net%2Fplace%2F49DBA659C82349DCBBA563CDBEF641AE',장인닭갈비 강남점,서울 강남구 테헤란로1길 19 지하1층 (우)06134
14,강남역에서 닭갈비 먹고 싶을 때가면 좋을 것 같아요런치로 먹으니 가격도 저렴하고치즈 양도 진짜 많더라구요 !사리 추가해서 먹으니 배터질 뻔 했어요 ㅋㅋ평일 오후 1시 이후에 가야 웨이팅 안 하고바로 먹을 수 있을 것 같아요,5,매일 11:00 ~ 23:00,'//t1.kakaocdn.net/thumb/T800x0.q80/?fname=http%3A%2F%2Ft1.daumcdn.net%2Fplace%2F49DBA659C82349DCBBA563CDBEF641AE',장인닭갈비 강남점,서울 강남구 테헤란로1길 19 지하1층 (우)06134
15,사람이 너무 많기도 하고 공간이 너무 좁아서 힘들었어요ㅠㅠㅠ 그리고 가격이 좀 비싸네요...맛은 괜찮았습니다만 웨이팅 할만하지는 않은 것 같습니다..,3,매일 11:00 ~ 23:00,'//t1.kakaocdn.net/thumb/T800x0.q80/?fname=http%3A%2F%2Ft1.daumcdn.net%2Fplace%2F49DBA659C82349DCBBA563CDBEF641AE',장인닭갈비 강남점,서울 강남구 테헤란로1길 19 지하1층 (우)06134
16,위생 개판이고 컵에 드러운거 덕지덕지 붙어있어요.제발 좀 닦으세요! 그리고 부탄가스좀 갈아요 제발.알바 화상입을뻔했고 잘못했다가 손님얼굴에 불 붙었으면 어쩌려고그러시나요? 맛은 그저 그래요. 춘천꺼 먹다 여기꺼 못먹겠음.위치빨임.,1,매일 11:00 ~ 23:00,'//t1.kakaocdn.net/thumb/T800x0.q80/?fname=http%3A%2F%2Ft1.daumcdn.net%2Fplace%2F49DBA659C82349DCBBA563CDBEF641AE',장인닭갈비 강남점,서울 강남구 테헤란로1길 19 지하1층 (우)06134
17,맛도 특색없고 비위생적이었어요..!,2,매일 11:00 ~ 23:00,'//t1.kakaocdn.net/thumb/T800x0.q80/?fname=http%3A%2F%2Ft1.daumcdn.net%2Fplace%2F49DBA659C82349DCBBA563CDBEF641AE',장인닭갈비 강남점,서울 강남구 테헤란로1길 19 지하1층 (우)06134
18,"닭갈비는 1인분에 11,000원이구요. 사진은 닭갈비 2인분 주문해서 음식 나오자마자 전혀 손도 안대고 찍은 사진입니다. 진짜 팩트에요 저렇게 나옵니다. 양 보고 진짜 어이가 없었네요. 그리고 무엇보다 직원들 진짜 싸가지 없네요 밥맛 다 떨어지게..양도 직원들 싸가지도 다 없지만 뭣보다 가장 중요한 맛이 없습니다. 이 돈 주고 웨이팅 서가면서 왜 먹는지 전혀 모르겠네요. 재방문 의사 절대 없습니다.",1,매일 11:00 ~ 23:00,'//t1.kakaocdn.net/thumb/T800x0.q80/?fname=http%3A%2F%2Ft1.daumcdn.net%2Fplace%2F49DBA659C82349DCBBA563CDBEF641AE',장인닭갈비 강남점,서울 강남구 테헤란로1길 19 지하1층 (우)06134
19,웨이팅 줄을 가게 안에 세우는게 맞나 싶네요 밥먹고 있는데 옆에 사람들 득실 거려서 먹기 좀 그랬음 맛도 그냥저냥한번 먹고 안갈곳,2,매일 11:00 ~ 23:00,'//t1.kakaocdn.net/thumb/T800x0.q80/?fname=http%3A%2F%2Ft1.daumcdn.net%2Fplace%2F49DBA659C82349DCBBA563CDBEF641AE',장인닭갈비 강남점,서울 강남구 테헤란로1길 19 지하1층 (우)06134
20,"정말 딱 3점짜리 가게.저렴하지도, 맛없지도 그렇다고 맛있지도, 임팩트가 있지도 않은 딱 3점짜리 가게점심식사하기 좋음",3,매일 11:00 ~ 23:00,'//t1.kakaocdn.net/thumb/T800x0.q80/?fname=http%3A%2F%2Ft1.daumcdn.net%2Fplace%2F49DBA659C82349DCBBA563CDBEF641AE',장인닭갈비 강남점,서울 강남구 테헤란로1길 19 지하1층 (우)06134
21,"저녁에는 웨이팅이 있다고 들었는데, 대체 여기 줄을 왜 서는 건지... 직원들 불친절한 건 둘째고 그냥 맛 자체가 X",2,매일 11:00 ~ 23:00,'//t1.kakaocdn.net/thumb/T800x0.q80/?fname=http%3A%2F%2Ft1.daumcdn.net%2Fplace%2F49DBA659C82349DCBBA563CDBEF641AE',장인닭갈비 강남점,서울 강남구 테헤란로1길 19 지하1층 (우)06134
22,,3,매일 11:00 ~ 23:00,'//t1.kakaocdn.net/thumb/T800x0.q80/?fname=http%3A%2F%2Ft1.daumcdn.net%2Fplace%2F49DBA659C82349DCBBA563CDBEF641AE',장인닭갈비 강남점,서울 강남구 테헤란로1길 19 지하1층 (우)06134
23,직원 교육 좀 시키세요 내 돈 주고 밥먹는데 눈치 보여요,1,매일 11:00 ~ 23:00,'//t1.kakaocdn.net/thumb/T800x0.q80/?fname=http%3A%2F%2Ft1.daumcdn.net%2Fplace%2F49DBA659C82349DCBBA563CDBEF641AE',장인닭갈비 강남점,서울 강남구 테헤란로1길 19 지하1층 (우)06134
24,"셀프 반찬인데, 고추나 마늘 없이 쌈무와 쌈채소, 쌈장뿐양도 맛도 그냥 그랬어요..밀키트 데운 맛 입니다",2,매일 11:00 ~ 23:00,'//t1.kakaocdn.net/thumb/T800x0.q80/?fname=http%3A%2F%2Ft1.daumcdn.net%2Fplace%2F49DBA659C82349DCBBA563CDBEF641AE',장인닭갈비 강남점,서울 강남구 테헤란로1길 19 지하1층 (우)06134
25,가끔 가는데 맛있어용,5,매일 11:00 ~ 23:00,'//t1.kakaocdn.net/thumb/T800x0.q80/?fname=http%3A%2F%2Ft1.daumcdn.net%2Fplace%2F49DBA659C82349DCBBA563CDBEF641AE',장인닭갈비 강남점,서울 강남구 테헤란로1길 19 지하1층 (우)06134
26,모듬사리를 추가하면 양이 생각보다 많습니다.볶음밥에 김치가 더 있었으면 하는 아쉬움이 있습니다.가끔 재방문 할 의사 있습니다.,3,매일 11:00 ~ 23:00,'//t1.kakaocdn.net/thumb/T800x0.q80/?fname=http%3A%2F%2Ft1.daumcdn.net%2Fplace%2F49DBA659C82349DCBBA563CDBEF641AE',장인닭갈비 강남점,서울 강남구 테헤란로1길 19 지하1층 (우)06134
27,보통맛은 맛있고순한맛은 다시 안먹을것 같아요직원 분들 친절했어요~~,4,매일 11:00 ~ 23:00,'//t1.kakaocdn.net/thumb/T800x0.q80/?fname=http%3A%2F%2Ft1.daumcdn.net%2Fplace%2F49DBA659C82349DCBBA563CDBEF641AE',장인닭갈비 강남점,서울 강남구 테헤란로1길 19 지하1층 (우)06134
28,그냥 그럼 ..,4,매일 11:00 ~ 23:00,'//t1.kakaocdn.net/thumb/T800x0.q80/?fname=http%3A%2F%2Ft1.daumcdn.net%2Fplace%2F49DBA659C82349DCBBA563CDBEF641AE',장인닭갈비 강남점,서울 강남구 테헤란로1길 19 지하1층 (우)06134
29,,2,매일 11:00 ~ 23:00,'//t1.kakaocdn.net/thumb/T800x0.q80/?fname=http%3A%2F%2Ft1.daumcdn.net%2Fplace%2F49DBA659C82349DCBBA563CDBEF641AE',장인닭갈비 강남점,서울 강남구 테헤란로1길 19 지하1층 (우)06134
30,조리가 다 되어서 빨리 나오는 것이 장점이며 쌈채소와 양배추 샐러드가 싱싱하여 좋았음.맛은 괜찮은 편이나 짠 편이며 대기가 이렇게 많을 정도의 맛은 전혀 아님.업주로 보이는 카운터보는 남성의 태도가 상당히 무례함. 대기 및 들어오는 손님을 본인이 안내하고 관리할 생각을 안하고 줄서있는 손님들한테 다그치듯 묻질 않나 내가 당한것도 아닌데 보기만 해도 불쾌해짐. 손님이 많고 장사가 잘되니 여러번 설명하기 힘들어서 그런거라 이해를 해보지만 돈 내고 감정노동하고 온 기분이라 다시 안가고 싶음.,2,매일 11:00 ~ 23:00,'//t1.kakaocdn.net/thumb/T800x0.q80/?fname=http%3A%2F%2Ft1.daumcdn.net%2Fplace%2F49DBA659C82349DCBBA563CDBEF641AE',장인닭갈비 강남점,서울 강남구 테헤란로1길 19 지하1층 (우)06134
31,비주얼 좋음  음식사진 잘나옴 맛 없음당면끼리 서로 눌어붙음양념 맛 없음 너무 달고 특색 없음 입맛 당기는 맛이 절대 아님 치즈 안 늘어남고기가 퍽퍽하고 고기자체가 별로없음매장 더움테이블에 벌레 날아옴목이 좋아서 장사가 잘 되는 게 분명..,1,매일 11:00 ~ 23:00,'//t1.kakaocdn.net/thumb/T800x0.q80/?fname=http%3A%2F%2Ft1.daumcdn.net%2Fplace%2F49DBA659C82349DCBBA563CDBEF641AE',장인닭갈비 강남점,서울 강남구 테헤란로1길 19 지하1층 (우)06134
32,어제 저녁에 방문했습니다.카운터쪽에 주로 계시던 회색 부리형 마스크 끼신 남자분 너무 불친절해서 불편하게 먹고 나왔네요휴지 어디있냐고 물어봤는데 고갯짓으로 ㅋㅋ 가르키시고 채소 있냐고 여쭤봤는데 손짓으로 ㅋㅋ 다른분들은 친절하신데 .. 아쉽네요,1,매일 11:00 ~ 23:00,'//t1.kakaocdn.net/thumb/T800x0.q80/?fname=http%3A%2F%2Ft1.daumcdn.net%2Fplace%2F49DBA659C82349DCBBA563CDBEF641AE',장인닭갈비 강남점,서울 강남구 테헤란로1길 19 지하1층 (우)06134
33,자주 방문 하는 곳,5,매일 11:00 ~ 23:00,'//t1.kakaocdn.net/thumb/T800x0.q80/?fname=http%3A%2F%2Ft1.daumcdn.net%2Fplace%2F49DBA659C82349DCBBA563CDBEF641AE',장인닭갈비 강남점,서울 강남구 테헤란로1길 19 지하1층 (우)06134
34,들어가자마자 직원들이 손님들한테 화풀이를 하네요. 닭갈비라는 음식이 맛이 없을 수 있는지 몰랐는데 당면 닭 떡 치즈 모든 재료들이 맛없으면 그것도 불가능한 일이 아니었다는 걸 알게 되었습니다.,1,매일 11:00 ~ 23:00,'//t1.kakaocdn.net/thumb/T800x0.q80/?fname=http%3A%2F%2Ft1.daumcdn.net%2Fplace%2F49DBA659C82349DCBBA563CDBEF641AE',장인닭갈비 강남점,서울 강남구 테헤란로1길 19 지하1층 (우)06134
35,여기 위생 너무 안좋아요 테이블 먼지 버너 기름 근처 끈쩍끈쩍 어느정도는 이해 하는데 너무 심해요,1,매일 11:00 ~ 23:00,'//t1.kakaocdn.net/thumb/T800x0.q80/?fname=http%3A%2F%2Ft1.daumcdn.net%2Fplace%2F49DBA659C82349DCBBA563CDBEF641AE',장인닭갈비 강남점,서울 강남구 테헤란로1길 19 지하1층 (우)06134
36,,5,매일 11:00 ~ 23:00,'//t1.kakaocdn.net/thumb/T800x0.q80/?fname=http%3A%2F%2Ft1.daumcdn.net%2Fplace%2F49DBA659C82349DCBBA563CDBEF641AE',장인닭갈비 강남점,서울 강남구 테헤란로1길 19 지하1층 (우)06134
37,일단 닭에서 잡내났음물통 입구엔 물때껴있음맛도 양도 무엇하나 특출난건 없었음게다가 휴지까지 셀프인 인건비절감의 교과서근데 사람 많음 ㅋㅋㅋㅋ,1,매일 11:00 ~ 23:00,'//t1.kakaocdn.net/thumb/T800x0.q80/?fname=http%3A%2F%2Ft1.daumcdn.net%2Fplace%2F49DBA659C82349DCBBA563CDBEF641AE',장인닭갈비 강남점,서울 강남구 테헤란로1길 19 지하1층 (우)06134
38,닭갈비는 어디가든 맛이 비슷한거같습니다 양은 푸짐했어요 ~,3,매일 11:00 ~ 23:00,'//t1.kakaocdn.net/thumb/T800x0.q80/?fname=http%3A%2F%2Ft1.daumcdn.net%2Fplace%2F49DBA659C82349DCBBA563CDBEF641AE',장인닭갈비 강남점,서울 강남구 테헤란로1길 19 지하1층 (우)06134
39,"매장에 날파리가 왤캐 많은지 위생 수준은 훤히 보이고 싸가지없는 직원들 인상 팍팍쓰며 응대하는 꼬락서니보니 밥상 엎어버리고 싶은 맘이 굴뚝. 알바들 교육이 이모냥이니 제대로 된 위생, 식자재 관리가 될 지는 안봐도 유투브. 사흘 굶은 꽃제비들도 공짜로 줘도 안 먹을 음식 내놓곤 3만원 뜯어가는 거 보니 칼든 흉노족. 먹고 나서 배아픈 건 따블. 별 하나 준 것만으로도 성은이 망극하옵니다 외치면서 카카오 본사 방향으로 큰절 세 번 올리고 달궈진 닭갈비 무쇠철판에 이마 세 번 찧어라.",1,매일 11:00 ~ 23:00,'//t1.kakaocdn.net/thumb/T800x0.q80/?fname=http%3A%2F%2Ft1.daumcdn.net%2Fplace%2F49DBA659C82349DCBBA563CDBEF641AE',장인닭갈비 강남점,서울 강남구 테헤란로1길 19 지하1층 (우)06134
40,직원 친절이 문제가 아니고그냥 간이 덜배고 맛이 없음 강남역에 위치해서 사람이 많이 가는듯하다맛집은 절대 아님,1,매일 11:00 ~ 23:00,'//t1.kakaocdn.net/thumb/T800x0.q80/?fname=http%3A%2F%2Ft1.daumcdn.net%2Fplace%2F49DBA659C82349DCBBA563CDBEF641AE',장인닭갈비 강남점,서울 강남구 테헤란로1길 19 지하1층 (우)06134
41,치즈닭갈비 맛있어요 자주감,5,매일 11:00 ~ 23:00,'//t1.kakaocdn.net/thumb/T800x0.q80/?fname=http%3A%2F%2Ft1.daumcdn.net%2Fplace%2F49DBA659C82349DCBBA563CDBEF641AE',장인닭갈비 강남점,서울 강남구 테헤란로1길 19 지하1층 (우)06134
42,"장사를 하려는건지 안하려는건지... 공손까지는 바라지도 않고, 손님한테 짜증만 안내도 좋을 것 같습니다.",1,매일 11:00 ~ 23:00,'//t1.kakaocdn.net/thumb/T800x0.q80/?fname=http%3A%2F%2Ft1.daumcdn.net%2Fplace%2F49DBA659C82349DCBBA563CDBEF641AE',장인닭갈비 강남점,서울 강남구 테헤란로1길 19 지하1층 (우)06134
43,남자 앞머리 있는 모자쓴 알바생 매우 불친절함 표정도 팔기 싫은데 억지로 일하는 느낌 양도 적고 맛도 짜고 최악,1,매일 11:00 ~ 23:00,'//t1.kakaocdn.net/thumb/T800x0.q80/?fname=http%3A%2F%2Ft1.daumcdn.net%2Fplace%2F49DBA659C82349DCBBA563CDBEF641AE',장인닭갈비 강남점,서울 강남구 테헤란로1길 19 지하1층 (우)06134
44,맛있게 잘 먹었습니다,5,매일 11:00 ~ 23:00,'//t1.kakaocdn.net/thumb/T800x0.q80/?fname=http%3A%2F%2Ft1.daumcdn.net%2Fplace%2F49DBA659C82349DCBBA563CDBEF641AE',장인닭갈비 강남점,서울 강남구 테헤란로1길 19 지하1층 (우)06134
45,Good/decent but not amazing. A bit too salty and greasy. Too much cheese.,3,매일 11:00 ~ 23:00,'//t1.kakaocdn.net/thumb/T800x0.q80/?fname=http%3A%2F%2Ft1.daumcdn.net%2Fplace%2F49DBA659C82349DCBBA563CDBEF641AE',장인닭갈비 강남점,서울 강남구 테헤란로1길 19 지하1층 (우)06134
46,밑에 사진들 보면 아시겠지만 다른 곳 1인분이 여기 2인분임.. 별점 낮은거 신경쓰였는지 12월 8일자로 다수가 5개를 줬네요?,1,매일 11:00 ~ 23:00,'//t1.kakaocdn.net/thumb/T800x0.q80/?fname=http%3A%2F%2Ft1.daumcdn.net%2Fplace%2F49DBA659C82349DCBBA563CDBEF641AE',장인닭갈비 강남점,서울 강남구 테헤란로1길 19 지하1층 (우)06134
47,사회적 상황이 어렵게 되면서 다들 힘들게 번 돈으로 방문한 손님들이에요. 저는 오늘 처음 갔고 딱 이거만 같이 먹은 일행 모두 이 새벽에 설사하고 있네요. 우연일수도 있죠.20% 정도는 까맣게 태워 주셔서 탄 맛 때문에 버렸어요. 덕분에 볶음밥도 탄 맛이 듬뿍이었어요. 직원분도 무례한 행동을 자연스럽게 하시더라구요. 물통 달라고 손가락으로 까딱까딱 하시던데 자연스러워서 저도 모르게 공손히 드렸네요.이것저것 많이 추가해 주문해서 양은 적당했고 맛도 괜찮았어요.사장님 답글보니 별점 낮으면 마치 진상으로 취급하시는 거 같아서 마음이 무겁네요. 저도 그런 취급을 받겠죠?지금 설사하느라 밤새 화장실 들락날락 했는데 이 정도로 끝내면 좋은 고객 아닌가요.사실 제 평가와 관계없이 위치 좋고 프랜차이즈고 이름 좋아서 계속 장사는 되시겠지요.,1,매일 11:00 ~ 23:00,'//t1.kakaocdn.net/thumb/T800x0.q80/?fname=http%3A%2F%2Ft1.daumcdn.net%2Fplace%2F49DBA659C82349DCBBA563CDBEF641AE',장인닭갈비 강남점,서울 강남구 테헤란로1길 19 지하1층 (우)06134
48,"여기 닭갈비 2인분이 다른 가게 1인분임고기 양 너무 적고 고구마, 떡 같은 기본 사리는 1도 안 들어감 .. 그 흔한 무쌈도 없고 .. 맛집 아니고 그냥 비싼 닭갈비집임 ..",1,매일 11:00 ~ 23:00,'//t1.kakaocdn.net/thumb/T800x0.q80/?fname=http%3A%2F%2Ft1.daumcdn.net%2Fplace%2F49DBA659C82349DCBBA563CDBEF641AE',장인닭갈비 강남점,서울 강남구 테헤란로1길 19 지하1층 (우)06134
49,웨이팅걸리기 전에 가서 바로 착석. 질리지않을 맛. 맛있었음 깻잎 싸먹으면 존맛탱,5,매일 11:00 ~ 23:00,'//t1.kakaocdn.net/thumb/T800x0.q80/?fname=http%3A%2F%2Ft1.daumcdn.net%2Fplace%2F49DBA659C82349DCBBA563CDBEF641AE',장인닭갈비 강남점,서울 강남구 테헤란로1길 19 지하1층 (우)06134
50,,1,매일 11:00 ~ 23:00,'//t1.kakaocdn.net/thumb/T800x0.q80/?fname=http%3A%2F%2Ft1.daumcdn.net%2Fplace%2F49DBA659C82349DCBBA563CDBEF641AE',장인닭갈비 강남점,서울 강남구 테헤란로1길 19 지하1층 (우)06134
51,친절은 기대도 하지 마세요....진짜 말을 어덯게....화가 나네요,1,매일 11:00 ~ 23:00,'//t1.kakaocdn.net/thumb/T800x0.q80/?fname=http%3A%2F%2Ft1.daumcdn.net%2Fplace%2F49DBA659C82349DCBBA563CDBEF641AE',장인닭갈비 강남점,서울 강남구 테헤란로1길 19 지하1층 (우)06134
52,"돈이 너무 많아서 주체가 안 되면 가세요....고기에서 반지하 물 냄새, 닭냄새가 섞인 냄새가 남 ㅋㅋㅋㅋㅋㅋㅋㅋㅋㅋㅋㅋㅋㅋ 먹는데 비위가 상해......소스도 전혀 안 배어있음. 치즈사리는 2인 4천원/ 3인 5천원/ 4인 6천원 이런 식으로 받아먹음 ㅎ",1,매일 11:00 ~ 23:00,'//t1.kakaocdn.net/thumb/T800x0.q80/?fname=http%3A%2F%2Ft1.daumcdn.net%2Fplace%2F49DBA659C82349DCBBA563CDBEF641AE',장인닭갈비 강남점,서울 강남구 테헤란로1길 19 지하1층 (우)06134
53,"다른데 1인분이 여기 2인분임 ㅋㅋ가격도 비싸고 알바생들 노느라 서비스 엉망임.제대로 조율해주는 매니저도 없고 닭갈비 나오는데 23분, 볶음밥 하나 하는데 15분씩 기다려야함.주문했는데 알바생들끼리 준비안하고 떠들고있어서 밥 볶아달라니까 재료준비중이라고만 반복함.김치 날치알 밥 김가루가 15분이나 준비해야하는 재료였는지 몰랐네주방에 일하는분들 다 마스크도 안쓰고 계시고..다시는 안감",1,매일 11:00 ~ 23:00,'//t1.kakaocdn.net/thumb/T800x0.q80/?fname=http%3A%2F%2Ft1.daumcdn.net%2Fplace%2F49DBA659C82349DCBBA563CDBEF641AE',장인닭갈비 강남점,서울 강남구 테헤란로1길 19 지하1층 (우)06134
54,옛날에 장인닭갈비 정말 맛있었는데ㅠ 이제는 닭도 덜 익은데다가 양념도 너무 과하게 달고 치즈추가도 했음에도 불구하고 너무 적게 줍니다…닭이 덜 익어서 그런지 비린내가 너무 심합니다..초심 되찾아주세요;;,1,매일 11:00 ~ 23:00,'//t1.kakaocdn.net/thumb/T800x0.q80/?fname=http%3A%2F%2Ft1.daumcdn.net%2Fplace%2F49DBA659C82349DCBBA563CDBEF641AE',장인닭갈비 강남점,서울 강남구 테헤란로1길 19 지하1층 (우)06134
55,초심잃었습니다..제가알던 장인은 어디가고 아마추어 닭갈비가 되어버린 안타까운 식사였습니다.다른 닭갈비집 가세요이만,1,매일 11:00 ~ 23:00,'//t1.kakaocdn.net/thumb/T800x0.q80/?fname=http%3A%2F%2Ft1.daumcdn.net%2Fplace%2F49DBA659C82349DCBBA563CDBEF641AE',장인닭갈비 강남점,서울 강남구 테헤란로1길 19 지하1층 (우)06134
56,가격대비 양이 많지는 않음. 친구가 가운데 치즈 때문에 가자고 했는데 괜찮았다. 막 특색이 있다는 아닌데 볶음밥이 맛있다. 기름에 볶아진 느낌이 아닌데 약간 달달하니 손이 계속 갔다. 무슨 봉봉인지 뭐시기 음료 절대 비추,4,매일 11:00 ~ 23:00,'//t1.kakaocdn.net/thumb/T800x0.q80/?fname=http%3A%2F%2Ft1.daumcdn.net%2Fplace%2F49DBA659C82349DCBBA563CDBEF641AE',장인닭갈비 강남점,서울 강남구 테헤란로1길 19 지하1층 (우)06134
57,,4,매일 11:00 ~ 23:00,'//t1.kakaocdn.net/thumb/T800x0.q80/?fname=http%3A%2F%2Ft1.daumcdn.net%2Fplace%2F49DBA659C82349DCBBA563CDBEF641AE',장인닭갈비 강남점,서울 강남구 테헤란로1길 19 지하1층 (우)06134
58,여자친구와 치즈 닭갈비를 잘 먹었어요. 넘 배불러서 볶음밥까진 못 먹었어요 ㅋㅋ,5,매일 11:00 ~ 23:00,'//t1.kakaocdn.net/thumb/T800x0.q80/?fname=http%3A%2F%2Ft1.daumcdn.net%2Fplace%2F49DBA659C82349DCBBA563CDBEF641AE',장인닭갈비 강남점,서울 강남구 테헤란로1길 19 지하1층 (우)06134
59,"닭갈비만 먹었을 땐 3점이었는데, 볶음밥까지 먹고 4점 드립니다. 볶음밥 꼭 드세요! 중간맛으로 먹었는데 적당히 매콤하고 치즈에 양파랑 같이 먹으니 괜찮았습니다. 순한맛으로 먹었으면 좀 많이 싱거웠을 것 같아요. 엄청 뛰어난 맛과 서비스를 기대하긴 힘들겠지만.. 위치 좋고, 비주얼 좋고, 적당히 호불호 안 갈리게 한 끼 먹기 괜찮습니다.",4,매일 11:00 ~ 23:00,'//t1.kakaocdn.net/thumb/T800x0.q80/?fname=http%3A%2F%2Ft1.daumcdn.net%2Fplace%2F49DBA659C82349DCBBA563CDBEF641AE',장인닭갈비 강남점,서울 강남구 테헤란로1길 19 지하1층 (우)06134
60,맛있게 먹긴했으나... 단맛이 너무 강해서 별5개는아니라고 보임,3,매일 11:00 ~ 23:00,'//t1.kakaocdn.net/thumb/T800x0.q80/?fname=http%3A%2F%2Ft1.daumcdn.net%2Fplace%2F49DBA659C82349DCBBA563CDBEF641AE',장인닭갈비 강남점,서울 강남구 테헤란로1길 19 지하1층 (우)06134
61,맛있는데 단맛이 좀 강함,5,매일 11:00 ~ 23:00,'//t1.kakaocdn.net/thumb/T800x0.q80/?fname=http%3A%2F%2Ft1.daumcdn.net%2Fplace%2F49DBA659C82349DCBBA563CDBEF641AE',장인닭갈비 강남점,서울 강남구 테헤란로1길 19 지하1층 (우)06134
62,치즈 플레이팅?이 예쁘게 돼서 유명한 것 같은데 맛은 아무 닭갈비집이랑 차이는 없다. 가격만 좀 더 높을 뿐.,4,매일 11:00 ~ 23:00,'//t1.kakaocdn.net/thumb/T800x0.q80/?fname=http%3A%2F%2Ft1.daumcdn.net%2Fplace%2F49DBA659C82349DCBBA563CDBEF641AE',장인닭갈비 강남점,서울 강남구 테헤란로1길 19 지하1층 (우)06134
63,생각보다 맛있었어요 양도 적당.볶음밥 굿,4,매일 11:00 ~ 23:00,'//t1.kakaocdn.net/thumb/T800x0.q80/?fname=http%3A%2F%2Ft1.daumcdn.net%2Fplace%2F49DBA659C82349DCBBA563CDBEF641AE',장인닭갈비 강남점,서울 강남구 테헤란로1길 19 지하1층 (우)06134
64,,4,매일 11:00 ~ 23:00,'//t1.kakaocdn.net/thumb/T800x0.q80/?fname=http%3A%2F%2Ft1.daumcdn.net%2Fplace%2F49DBA659C82349DCBBA563CDBEF641AE',장인닭갈비 강남점,서울 강남구 테헤란로1길 19 지하1층 (우)06134
65,가성비 진짜 최고~ 닭갈비에 무조건 치즈사리 추가!!마지막 볶음밥까지~ 한끼식사로 충분해요~,5,매일 11:00 ~ 23:00,'//t1.kakaocdn.net/thumb/T800x0.q80/?fname=http%3A%2F%2Ft1.daumcdn.net%2Fplace%2F49DBA659C82349DCBBA563CDBEF641AE',장인닭갈비 강남점,서울 강남구 테헤란로1길 19 지하1층 (우)06134
66,"평일 오후타임 일하는 여자알바분 개념은 밥 말아먹으셨나봐요? 앉을 자리 보고 qr체크인 한다고 말했더니 짝다리 짚고 서서 노려보면서 qr찍으라고 소리치고, 벨누르는데 직원끼리 모여앉아서 노느라 보는 시늉도 안하고, 영수증에 금액 두배로 찍혀있어서 말했더니 사과한마디도 안하고. 가본 식당중에 단연 서비스 최악이었습니다. 장사할거면 직원교육부터 똑바로 시키시길. 다신안갑니다^^",1,매일 11:00 ~ 23:00,'//t1.kakaocdn.net/thumb/T800x0.q80/?fname=http%3A%2F%2Ft1.daumcdn.net%2Fplace%2F49DBA659C82349DCBBA563CDBEF641AE',장인닭갈비 강남점,서울 강남구 테헤란로1길 19 지하1층 (우)06134
67,,3,매일 11:00 ~ 23:00,'//t1.kakaocdn.net/thumb/T800x0.q80/?fname=http%3A%2F%2Ft1.daumcdn.net%2Fplace%2F49DBA659C82349DCBBA563CDBEF641AE',장인닭갈비 강남점,서울 강남구 테헤란로1길 19 지하1층 (우)06134
68,여기는 무조건 치즈 추가 필수 줄여서 치추필 기억하세요 치추필 뭐라고요 치추필,5,매일 11:00 ~ 23:00,'//t1.kakaocdn.net/thumb/T800x0.q80/?fname=http%3A%2F%2Ft1.daumcdn.net%2Fplace%2F49DBA659C82349DCBBA563CDBEF641AE',장인닭갈비 강남점,서울 강남구 테헤란로1길 19 지하1층 (우)06134
69,치즈닭갈비 너무맛있어요 ㅠㅠ 깔끔하고 좋아요,5,매일 11:00 ~ 23:00,'//t1.kakaocdn.net/thumb/T800x0.q80/?fname=http%3A%2F%2Ft1.daumcdn.net%2Fplace%2F49DBA659C82349DCBBA563CDBEF641AE',장인닭갈비 강남점,서울 강남구 테헤란로1길 19 지하1층 (우)06134
70,동네에 체인점 있었을 때 맛있어서 많이 갔었는데~~! 지금은 없어졌지만 강남 들른김에 생각나서 방문했네요. 여전히 맛은 그대로 입니다,5,매일 11:00 ~ 23:00,'//t1.kakaocdn.net/thumb/T800x0.q80/?fname=http%3A%2F%2Ft1.daumcdn.net%2Fplace%2F49DBA659C82349DCBBA563CDBEF641AE',장인닭갈비 강남점,서울 강남구 테헤란로1길 19 지하1층 (우)06134
71,양 많고 맛있네요~!,5,매일 11:00 ~ 23:00,'//t1.kakaocdn.net/thumb/T800x0.q80/?fname=http%3A%2F%2Ft1.daumcdn.net%2Fplace%2F49DBA659C82349DCBBA563CDBEF641AE',장인닭갈비 강남점,서울 강남구 테헤란로1길 19 지하1층 (우)06134
72,닭갈비 양도 많고 맛있어요!,5,매일 11:00 ~ 23:00,'//t1.kakaocdn.net/thumb/T800x0.q80/?fname=http%3A%2F%2Ft1.daumcdn.net%2Fplace%2F49DBA659C82349DCBBA563CDBEF641AE',장인닭갈비 강남점,서울 강남구 테헤란로1길 19 지하1층 (우)06134
73,여긴 치즈추가 필수에요 ㅜㅜ 매콤한 닭갈비에 싸악 싸먹으면…. 가성비도 넘 좋아용 추천!!,5,매일 11:00 ~ 23:00,'//t1.kakaocdn.net/thumb/T800x0.q80/?fname=http%3A%2F%2Ft1.daumcdn.net%2Fplace%2F49DBA659C82349DCBBA563CDBEF641AE',장인닭갈비 강남점,서울 강남구 테헤란로1길 19 지하1층 (우)06134
74,정말 맛있어요..   가성비최고,5,매일 11:00 ~ 23:00,'//t1.kakaocdn.net/thumb/T800x0.q80/?fname=http%3A%2F%2Ft1.daumcdn.net%2Fplace%2F49DBA659C82349DCBBA563CDBEF641AE',장인닭갈비 강남점,서울 강남구 테헤란로1길 19 지하1층 (우)06134
75,난생 처음 보는 비상식적인 응대에 감탄하고 갑니다. 직원분이 하시는 말 못 들은 상황이었는데 저희가 귀머거리도 아니고 무슨 조롱하듯 대여섯번을 앞에서 QR체크 하셔야해요 하면서 소리지르시더라고요. 와중에 옆에서 다른 직원분은 말리지도 않고 웃고 계시고요. 매장에 1분있었음에도 전반적인 서비스가 얼마나 형편없는 지 알 수 있었습니다. 왜 알바를 안 바꾸시는 의문이 들 정도였습니다. 여러 후기를 보니 알바생에 대한 평이 안 좋던데 알바생을 교체하시는 게 가게 운영에 나을 듯 싶네요.,1,매일 11:00 ~ 23:00,'//t1.kakaocdn.net/thumb/T800x0.q80/?fname=http%3A%2F%2Ft1.daumcdn.net%2Fplace%2F49DBA659C82349DCBBA563CDBEF641AE',장인닭갈비 강남점,서울 강남구 테헤란로1길 19 지하1층 (우)06134
76,"아니 알바생인지 매니저인지 모르겠는데 자리를 옮겼다고 말도 안하고 저희가 옮긴것도 아니고 양해를 구하고 옮겼고. 즐겁게 먹고 계산을 하고 나가려던 와중. ""아, 거기 멈춰봐요. 일로와서 다시 계산하세요."" 이러면서 명령하듯이 화가난 말투로 말씀하셨는데 본인들이 빌지 처리를 잘못하셔서 계산하셨으면서 정중히 사과를 해도 전혀 이상한 상황이 아닌데 오히려 저희한테 화를 내시더라구요? 얼굴로 싫은티 팍팍내고 진짜 대놓고 한소리 하려다가 그상황에 너무 당황해서 아무말 못하고 나왔어요. 아직까지도 저희가 무슨 잘못을 했는지 모르겠구요. 기분좋게 먹었는데 이딴 서비스 받고 다신 안가고싶네요.",1,매일 11:00 ~ 23:00,'//t1.kakaocdn.net/thumb/T800x0.q80/?fname=http%3A%2F%2Ft1.daumcdn.net%2Fplace%2F49DBA659C82349DCBBA563CDBEF641AE',장인닭갈비 강남점,서울 강남구 테헤란로1길 19 지하1층 (우)06134
77,,4,매일 11:00 ~ 23:00,'//t1.kakaocdn.net/thumb/T800x0.q80/?fname=http%3A%2F%2Ft1.daumcdn.net%2Fplace%2F49DBA659C82349DCBBA563CDBEF641AE',장인닭갈비 강남점,서울 강남구 테헤란로1길 19 지하1층 (우)06134
78,양념이 너무 달다. 그래도 배는 부름,3,매일 11:00 ~ 23:00,'//t1.kakaocdn.net/thumb/T800x0.q80/?fname=http%3A%2F%2Ft1.daumcdn.net%2Fplace%2F49DBA659C82349DCBBA563CDBEF641AE',장인닭갈비 강남점,서울 강남구 테헤란로1길 19 지하1층 (우)06134
79,알바생들이 교육이 잘안된건지 융통성이 없던건지ㅋㅋㅋㅋㅋ 볶음밥시켰는데 불이 계속 안켜졌는데 안켜지면 가스통을 바꾸던가 다른곳에서 볶아와야하는거아님? 근데 또 안되네 이러면서 우물쭈물하다가 밥만 비비고 가서 볶음밥이 아니라 비빔밥먹음ㅋ,1,매일 11:00 ~ 23:00,'//t1.kakaocdn.net/thumb/T800x0.q80/?fname=http%3A%2F%2Ft1.daumcdn.net%2Fplace%2F49DBA659C82349DCBBA563CDBEF641AE',장인닭갈비 강남점,서울 강남구 테헤란로1길 19 지하1층 (우)06134
80,"먹다 수세미? 조각 나와서 사장 나와라고 하고 싶었지만, 용기가 없어서 그냥 나옴가지 마세요.",1,매일 11:00 ~ 23:00,'//t1.kakaocdn.net/thumb/T800x0.q80/?fname=http%3A%2F%2Ft1.daumcdn.net%2Fplace%2F49DBA659C82349DCBBA563CDBEF641AE',장인닭갈비 강남점,서울 강남구 테헤란로1길 19 지하1층 (우)06134
81,배불러요,4,매일 11:00 ~ 23:00,'//t1.kakaocdn.net/thumb/T800x0.q80/?fname=http%3A%2F%2Ft1.daumcdn.net%2Fplace%2F49DBA659C82349DCBBA563CDBEF641AE',장인닭갈비 강남점,서울 강남구 테헤란로1길 19 지하1층 (우)06134
82,"옛전에는 이러지 않았는데 아쉽네요.닭갈비랑 볶음밥 양이 엄청 작아졌고, 명동점은 닭갈비에 소스가 남아있지않으면 소스 조금 더 가져와서 간이 맞게 볶아주고 닭 남았으면 닭도 같이 볶아줍니다. 대체 직원교육을 어떻게 시켰는지 사장님 마인드가 다 보여요. 닭갈비랑 토핑 추가 주문하려는데 ""닭갈비 는 2인분 부터 주문 가능하세요."" 하더니 그냥 가버리고 토핑은 추가된다했다가 안된다했다가. 게다가 쌈으로 먹을때는 몰랐는데 닭에서 냄새나요. 상추에서도 돌씹었구요. 처음 온거 아닌데 사람도 많더만 관리를 왜 안하시는지 모르겠네요. 어제 저녁부터 배가아프더니 어제 여기서 점심을 먹은것 때문인가 싶네요.",1,매일 11:00 ~ 23:00,'//t1.kakaocdn.net/thumb/T800x0.q80/?fname=http%3A%2F%2Ft1.daumcdn.net%2Fplace%2F49DBA659C82349DCBBA563CDBEF641AE',장인닭갈비 강남점,서울 강남구 테헤란로1길 19 지하1층 (우)06134
83,진심으로 돈 아까웠던곳 양도 너무 적고중간맛은 밍밍 볶음밥 시키고 나서거의 다 남겼습니다 고추장에 설탕 왕창부은맛이구요 진짜로 리뷰 거의 안쓰는데 너무한거같습니다….,1,매일 11:00 ~ 23:00,'//t1.kakaocdn.net/thumb/T800x0.q80/?fname=http%3A%2F%2Ft1.daumcdn.net%2Fplace%2F49DBA659C82349DCBBA563CDBEF641AE',장인닭갈비 강남점,서울 강남구 테헤란로1길 19 지하1층 (우)06134
84,사장님들 친절한 서비스 감사합니다!,5,매일 11:00 ~ 23:00,'//t1.kakaocdn.net/thumb/T800x0.q80/?fname=http%3A%2F%2Ft1.daumcdn.net%2Fplace%2F49DBA659C82349DCBBA563CDBEF641AE',장인닭갈비 강남점,서울 강남구 테헤란로1길 19 지하1층 (우)06134
85,맛있는지는 모르겠어요. 후각 좋은 사람들은 닭 잡내 맡을 수 있어요. 특별히 반찬도 없고 아무것도 없고 닭갈비만 나오는데 양이 많은것도 아니예요. 근데 가격은 일반 닭갈비집에 비해 비쌈.,3,매일 11:00 ~ 23:00,'//t1.kakaocdn.net/thumb/T800x0.q80/?fname=http%3A%2F%2Ft1.daumcdn.net%2Fplace%2F49DBA659C82349DCBBA563CDBEF641AE',장인닭갈비 강남점,서울 강남구 테헤란로1길 19 지하1층 (우)06134
86,"비주얼에 비해 맛은? 음...1. 드럼스틱살, 양배추, 떡, 조미료 가득한 양념으로만 맛을 내서그런지 3개 정도 먹다보면 질림.2. 당면이 다 불어서 나옴. 어제 만들어놓은 음식 먹는 느낌.3. 오랜만에 닭이다싶어 젓가락으로 집으면 양배추임.4. 중간맛은 안 매운맛임. 총평) 마늘, 양파 등을 추가하여 재료를 조금 더 풍성하게 할 필요가 있어 보임. 그렇다고 닭양이 줄어들면 안됨. 면이 불지 않게 하는 방안도 중요. 왜 미리 만들어져서 나오는 지 이해 안됨. 이러다가 망할 거 같음. 재방문 의사는 없음.",2,매일 11:00 ~ 23:00,'//t1.kakaocdn.net/thumb/T800x0.q80/?fname=http%3A%2F%2Ft1.daumcdn.net%2Fplace%2F49DBA659C82349DCBBA563CDBEF641AE',장인닭갈비 강남점,서울 강남구 테헤란로1길 19 지하1층 (우)06134
87,저번에 맛있어서 또 방문했는데 역시나 맛있어요!!! 이러다 단골될듯ㅋㅋ,5,매일 11:00 ~ 23:00,'//t1.kakaocdn.net/thumb/T800x0.q80/?fname=http%3A%2F%2Ft1.daumcdn.net%2Fplace%2F49DBA659C82349DCBBA563CDBEF641AE',장인닭갈비 강남점,서울 강남구 테헤란로1길 19 지하1층 (우)06134
88,깔끔하고 맛있어요 !! 볶음밥도 원래 닭갈비 양념이랑 맛이 분리되는데 이곳은 그렇지 않아 정말 좋았어요 ㅎㅎ 직원분들도 친절하시네요 !!! 왕추천입니다,5,매일 11:00 ~ 23:00,'//t1.kakaocdn.net/thumb/T800x0.q80/?fname=http%3A%2F%2Ft1.daumcdn.net%2Fplace%2F49DBA659C82349DCBBA563CDBEF641AE',장인닭갈비 강남점,서울 강남구 테헤란로1길 19 지하1층 (우)06134
89,우선 닭갈비 솔직히 맛있음 양념이 자극적이지 않고 중독성 있음 직원들 친절함아래 리뷰들 이해가 안감 가게가 바뀐건지 내가 알수없지만 참고로 난 만족한곳들만 리뷰함,5,매일 11:00 ~ 23:00,'//t1.kakaocdn.net/thumb/T800x0.q80/?fname=http%3A%2F%2Ft1.daumcdn.net%2Fplace%2F49DBA659C82349DCBBA563CDBEF641AE',장인닭갈비 강남점,서울 강남구 테헤란로1길 19 지하1층 (우)06134
90,너무 맛있습니다 !! 한끼 식사로 좋네요 ㅎㅎ,5,매일 11:00 ~ 23:00,'//t1.kakaocdn.net/thumb/T800x0.q80/?fname=http%3A%2F%2Ft1.daumcdn.net%2Fplace%2F49DBA659C82349DCBBA563CDBEF641AE',장인닭갈비 강남점,서울 강남구 테헤란로1길 19 지하1층 (우)06134
91,"블로그에 또 속았네요...ㅜㅜ  맛은평범. 4인분 중 닭고기양은 엄청 조금이고, 직원들중 캐셔보시는 분 완전 불친절.",2,매일 11:00 ~ 23:00,'//t1.kakaocdn.net/thumb/T800x0.q80/?fname=http%3A%2F%2Ft1.daumcdn.net%2Fplace%2F49DBA659C82349DCBBA563CDBEF641AE',장인닭갈비 강남점,서울 강남구 테헤란로1길 19 지하1층 (우)06134
92,완죤맛집~~~,5,매일 11:00 ~ 23:00,'//t1.kakaocdn.net/thumb/T800x0.q80/?fname=http%3A%2F%2Ft1.daumcdn.net%2Fplace%2F49DBA659C82349DCBBA563CDBEF641AE',장인닭갈비 강남점,서울 강남구 테헤란로1길 19 지하1층 (우)06134
93,먹고 하루지난 뒤인 지금도 계속 배아파요ㅠㅠㅠ혹시나하고 들어와봤더니 다른분들도 그러시네요,1,매일 11:00 ~ 23:00,'//t1.kakaocdn.net/thumb/T800x0.q80/?fname=http%3A%2F%2Ft1.daumcdn.net%2Fplace%2F49DBA659C82349DCBBA563CDBEF641AE',장인닭갈비 강남점,서울 강남구 테헤란로1길 19 지하1층 (우)06134
94,이정도면 맛있다고 할수 있는것 같습니다.  가면 또 가겠지만 일부러 먹으러 찾아갈까 싶기도 한 적당한 집. 당면넣어주는게 좋았어요ㅎ,3,매일 11:00 ~ 23:00,'//t1.kakaocdn.net/thumb/T800x0.q80/?fname=http%3A%2F%2Ft1.daumcdn.net%2Fplace%2F49DBA659C82349DCBBA563CDBEF641AE',장인닭갈비 강남점,서울 강남구 테헤란로1길 19 지하1층 (우)06134
95,매번 좋은 사람들 만날때 방문하는데 매번 맛이 좋네요.,5,매일 11:00 ~ 23:00,'//t1.kakaocdn.net/thumb/T800x0.q80/?fname=http%3A%2F%2Ft1.daumcdn.net%2Fplace%2F49DBA659C82349DCBBA563CDBEF641AE',장인닭갈비 강남점,서울 강남구 테헤란로1길 19 지하1층 (우)06134
96,학원끝나고 일주일에 두세번은 가는 듯 ㅎㅋㅋㅋ 장인닭갈비 너무 맛있어요!,5,매일 11:00 ~ 23:00,'//t1.kakaocdn.net/thumb/T800x0.q80/?fname=http%3A%2F%2Ft1.daumcdn.net%2Fplace%2F49DBA659C82349DCBBA563CDBEF641AE',장인닭갈비 강남점,서울 강남구 테헤란로1길 19 지하1층 (우)06134
97,매운 닭갈비에 치즈추가하면 남부러울게 없지,5,매일 11:00 ~ 23:00,'//t1.kakaocdn.net/thumb/T800x0.q80/?fname=http%3A%2F%2Ft1.daumcdn.net%2Fplace%2F49DBA659C82349DCBBA563CDBEF641AE',장인닭갈비 강남점,서울 강남구 테헤란로1길 19 지하1층 (우)06134
98,뉴발란스 건물 뒤편에 바로 보였어요 맛있게 잘 먹고 갑니당,5,매일 11:00 ~ 23:00,'//t1.kakaocdn.net/thumb/T800x0.q80/?fname=http%3A%2F%2Ft1.daumcdn.net%2Fplace%2F49DBA659C82349DCBBA563CDBEF641AE',장인닭갈비 강남점,서울 강남구 테헤란로1길 19 지하1층 (우)06134
99,매장 깔끔하고 항상 사람 많지만 맛있어요 !,5,매일 11:00 ~ 23:00,'//t1.kakaocdn.net/thumb/T800x0.q80/?fname=http%3A%2F%2Ft1.daumcdn.net%2Fplace%2F49DBA659C82349DCBBA563CDBEF641AE',장인닭갈비 강남점,서울 강남구 테헤란로1길 19 지하1층 (우)06134
100,위치가 좋아서 자주 찾아가서 먹어요 닭갈비 맛있어요,5,매일 11:00 ~ 23:00,'//t1.kakaocdn.net/thumb/T800x0.q80/?fname=http%3A%2F%2Ft1.daumcdn.net%2Fplace%2F49DBA659C82349DCBBA563CDBEF641AE',장인닭갈비 강남점,서울 강남구 테헤란로1길 19 지하1층 (우)06134
101,치즈추가해서 먹었는데 완전 맛있어요 ㅠㅠㅠㅠ 직원분들도 친절해서 좋아요,5,매일 11:00 ~ 23:00,'//t1.kakaocdn.net/thumb/T800x0.q80/?fname=http%3A%2F%2Ft1.daumcdn.net%2Fplace%2F49DBA659C82349DCBBA563CDBEF641AE',장인닭갈비 강남점,서울 강남구 테헤란로1길 19 지하1층 (우)06134
102,위생 최악.. 가게 내부 곳곳에 벌레끈끈이 있는데 초파리가 징그럽게 많이 붙어있어요 자리앉자마자 바로 보여서 먹기전부터 계속 생각나고 (대체 왜 손님 테이블 바로 옆에 보이도록 둔 거지? 싶음;;;) 음식위에 올라간 검은깨가 다 초파리처럼 보이고 먹는 내내 초파리가 주위에서 계속 날라다녀요 화장실은 말할것도 없이 너무 더러워요 닭갈비 좋아해서 볶음밥까지 먹고 싶었는데 남기고 그냥 나왔습니다,1,매일 11:00 ~ 23:00,'//t1.kakaocdn.net/thumb/T800x0.q80/?fname=http%3A%2F%2Ft1.daumcdn.net%2Fplace%2F49DBA659C82349DCBBA563CDBEF641AE',장인닭갈비 강남점,서울 강남구 테헤란로1길 19 지하1층 (우)06134
103,말이필요없어요ㅜㅜ 너무 맛있어요ㅜㅜ 일끝나고 힐링하네요,5,매일 11:00 ~ 23:00,'//t1.kakaocdn.net/thumb/T800x0.q80/?fname=http%3A%2F%2Ft1.daumcdn.net%2Fplace%2F49DBA659C82349DCBBA563CDBEF641AE',장인닭갈비 강남점,서울 강남구 테헤란로1길 19 지하1층 (우)06134
104,언제먹어도 닭갈비는 여기만한데가 없는거 같아요! 너무 맛있게 잘먹고 갑니다ㅎ,5,매일 11:00 ~ 23:00,'//t1.kakaocdn.net/thumb/T800x0.q80/?fname=http%3A%2F%2Ft1.daumcdn.net%2Fplace%2F49DBA659C82349DCBBA563CDBEF641AE',장인닭갈비 강남점,서울 강남구 테헤란로1길 19 지하1층 (우)06134
105,닭갈비 치즈 조화 미쳤어요! 너무 맛있어요!,5,매일 11:00 ~ 23:00,'//t1.kakaocdn.net/thumb/T800x0.q80/?fname=http%3A%2F%2Ft1.daumcdn.net%2Fplace%2F49DBA659C82349DCBBA563CDBEF641AE',장인닭갈비 강남점,서울 강남구 테헤란로1길 19 지하1층 (우)06134
106,양이 너무 적어요;; 진짜 너무 심함,1,매일 11:00 ~ 23:00,'//t1.kakaocdn.net/thumb/T800x0.q80/?fname=http%3A%2F%2Ft1.daumcdn.net%2Fplace%2F49DBA659C82349DCBBA563CDBEF641AE',장인닭갈비 강남점,서울 강남구 테헤란로1길 19 지하1층 (우)06134
107,집에서 내가 만든게 더 맛있음,1,매일 11:00 ~ 23:00,'//t1.kakaocdn.net/thumb/T800x0.q80/?fname=http%3A%2F%2Ft1.daumcdn.net%2Fplace%2F49DBA659C82349DCBBA563CDBEF641AE',장인닭갈비 강남점,서울 강남구 테헤란로1길 19 지하1층 (우)06134
108,"1개도 아까운 인생 최악의 닭갈비 남이섬 앞에서 먹은 장사치들의 닭갈비가 지금껏 중에 최악이었ㄴ는데, 여기가 갱신했네요 달고 짜기만한 소스에 사리추가 안하면 그냥 닭에 양배추 몇개. 볶음밥도 그냥 달기만 하고... 닭은 꾸역꾸역 먹었는데 볶음밥은 한 입 먹고 싹다 버리고 나와서 샌드위치 사먹었네요 강남역에 맛있는 곳 없는 것도 알고 기대도 안했는데 역대급이예요 강남에서 제일 맛없는 밥집",1,매일 11:00 ~ 23:00,'//t1.kakaocdn.net/thumb/T800x0.q80/?fname=http%3A%2F%2Ft1.daumcdn.net%2Fplace%2F49DBA659C82349DCBBA563CDBEF641AE',장인닭갈비 강남점,서울 강남구 테헤란로1길 19 지하1층 (우)06134
109,,5,매일 11:00 ~ 23:00,'//t1.kakaocdn.net/thumb/T800x0.q80/?fname=http%3A%2F%2Ft1.daumcdn.net%2Fplace%2F49DBA659C82349DCBBA563CDBEF641AE',장인닭갈비 강남점,서울 강남구 테헤란로1길 19 지하1층 (우)06134
110,소스는 맛있는데 재료가 안좋은건지 조리를 잘못하신건지 닭이 맛이 없네요..,2,매일 11:00 ~ 23:00,'//t1.kakaocdn.net/thumb/T800x0.q80/?fname=http%3A%2F%2Ft1.daumcdn.net%2Fplace%2F49DBA659C82349DCBBA563CDBEF641AE',장인닭갈비 강남점,서울 강남구 테헤란로1길 19 지하1층 (우)06134
111,,1,매일 11:00 ~ 23:00,'//t1.kakaocdn.net/thumb/T800x0.q80/?fname=http%3A%2F%2Ft1.daumcdn.net%2Fplace%2F49DBA659C82349DCBBA563CDBEF641AE',장인닭갈비 강남점,서울 강남구 테헤란로1길 19 지하1층 (우)06134
112,이게 2인분이고 닭 한조각 먹었습니다. 운동 사리도 추가한거에요 ㅋ. 그리고 신기하게도 알바들 전부다 불친절합니다. ㅋㅋ 일하기 싫은건 알겠는데 손님들 기분 잡치게 할 필요는 없잖아요?ㅋㅋ 오늘이 첨이자 마지막일 듯. ㅂ2ㅂ2,1,매일 11:00 ~ 23:00,'//t1.kakaocdn.net/thumb/T800x0.q80/?fname=http%3A%2F%2Ft1.daumcdn.net%2Fplace%2F49DBA659C82349DCBBA563CDBEF641AE',장인닭갈비 강남점,서울 강남구 테헤란로1길 19 지하1층 (우)06134
113,여기서 먹고 배탈났습니다 ㅠㅠ 배가 진짜 많이 안좋네요 ㅠㅠ,1,매일 11:00 ~ 23:00,'//t1.kakaocdn.net/thumb/T800x0.q80/?fname=http%3A%2F%2Ft1.daumcdn.net%2Fplace%2F49DBA659C82349DCBBA563CDBEF641AE',장인닭갈비 강남점,서울 강남구 테헤란로1길 19 지하1층 (우)06134
114,"다른 닭갈비 프렌차이즈보다는 약간 가격이 더 있지만, 비싼 정도는 아니고, 다 조리해서 나와서 깔끔하고 좋았습니다. 전체적으로 깔끔하고 좋네요.",4,매일 11:00 ~ 23:00,'//t1.kakaocdn.net/thumb/T800x0.q80/?fname=http%3A%2F%2Ft1.daumcdn.net%2Fplace%2F49DBA659C82349DCBBA563CDBEF641AE',장인닭갈비 강남점,서울 강남구 테헤란로1길 19 지하1층 (우)06134
115,,1,매일 11:00 ~ 23:00,'//t1.kakaocdn.net/thumb/T800x0.q80/?fname=http%3A%2F%2Ft1.daumcdn.net%2Fplace%2F49DBA659C82349DCBBA563CDBEF641AE',장인닭갈비 강남점,서울 강남구 테헤란로1길 19 지하1층 (우)06134
116,"아진짜에바에요여기 닭 안좋은 거 쓰는 것 같은게먹고 몇시간 뒤부터 하루종일 설사만 했어요밑에 리뷰 보니까 저같은 사람 또 있던데오늘만 그런게 아니라 원래 그런 것 같으니 가급적 가지마세요,,, 여기보다 맛있는 닭갈비집 강남역에 더 있어요ㅠㅠㅠㅠ",1,매일 11:00 ~ 23:00,'//t1.kakaocdn.net/thumb/T800x0.q80/?fname=http%3A%2F%2Ft1.daumcdn.net%2Fplace%2F49DBA659C82349DCBBA563CDBEF641AE',장인닭갈비 강남점,서울 강남구 테헤란로1길 19 지하1층 (우)06134
117,직원 불친절은 기본에 비위생적임,1,매일 11:00 ~ 23:00,'//t1.kakaocdn.net/thumb/T800x0.q80/?fname=http%3A%2F%2Ft1.daumcdn.net%2Fplace%2F49DBA659C82349DCBBA563CDBEF641AE',장인닭갈비 강남점,서울 강남구 테헤란로1길 19 지하1층 (우)06134
118,갈 때마다 존맛탱,5,매일 11:00 ~ 23:00,'//t1.kakaocdn.net/thumb/T800x0.q80/?fname=http%3A%2F%2Ft1.daumcdn.net%2Fplace%2F49DBA659C82349DCBBA563CDBEF641AE',장인닭갈비 강남점,서울 강남구 테헤란로1길 19 지하1층 (우)06134
119,,3,매일 11:00 ~ 23:00,'//t1.kakaocdn.net/thumb/T800x0.q80/?fname=http%3A%2F%2Ft1.daumcdn.net%2Fplace%2F49DBA659C82349DCBBA563CDBEF641AE',장인닭갈비 강남점,서울 강남구 테헤란로1길 19 지하1층 (우)06134
120,좋아하던 곳인데 질이 너무 떨어졌네요.먹고 나서 배가 너무 아팠습니다. 같이 갔던 친구도 복통으로 엄청 고생했어요.새로오시는 손님이 너무 가까히 앉으시길래 거리두기 해달라고 부탁했더니 알바생 분이 저희는 그런거 안한다네요.코로나가 1000명을 넘어가는데 거리두기는 하는게 좋지 않을까요?많이 실망이네요,1,매일 11:00 ~ 23:00,'//t1.kakaocdn.net/thumb/T800x0.q80/?fname=http%3A%2F%2Ft1.daumcdn.net%2Fplace%2F49DBA659C82349DCBBA563CDBEF641AE',장인닭갈비 강남점,서울 강남구 테헤란로1길 19 지하1층 (우)06134
121,예전부터 먹어봐서 맛은 좋은데 키 제일 큰 직원 손님 응대 겁나 별로임.맛 4/5양 3.5/5그직원 1/5,2,매일 11:00 ~ 23:00,'//t1.kakaocdn.net/thumb/T800x0.q80/?fname=http%3A%2F%2Ft1.daumcdn.net%2Fplace%2F49DBA659C82349DCBBA563CDBEF641AE',장인닭갈비 강남점,서울 강남구 테헤란로1길 19 지하1층 (우)06134
122,닭갈비가아니라 걍 닭제육볶음? 맛이었음...;양도 너무적어서 주문잘못들어간건가 했을정도..깨끗하고 위치가 좋긴한데양 너무 적고 맛도 그닥...또 가진않을듯.볶음밥이 그나마 맛있어서 봐줌..,1,매일 11:00 ~ 23:00,'//t1.kakaocdn.net/thumb/T800x0.q80/?fname=http%3A%2F%2Ft1.daumcdn.net%2Fplace%2F49DBA659C82349DCBBA563CDBEF641AE',장인닭갈비 강남점,서울 강남구 테헤란로1길 19 지하1층 (우)06134
123,넘흐 복작복작 .... 거리두기도 안하고 ㅠㅠㅠㅠㅠㅠ 맛은 있었음...ㅠㅠㅠ,3,매일 11:00 ~ 23:00,'//t1.kakaocdn.net/thumb/T800x0.q80/?fname=http%3A%2F%2Ft1.daumcdn.net%2Fplace%2F49DBA659C82349DCBBA563CDBEF641AE',장인닭갈비 강남점,서울 강남구 테헤란로1길 19 지하1층 (우)06134
124,,1,매일 11:00 ~ 23:00,'//t1.kakaocdn.net/thumb/T800x0.q80/?fname=http%3A%2F%2Ft1.daumcdn.net%2Fplace%2F49DBA659C82349DCBBA563CDBEF641AE',장인닭갈비 강남점,서울 강남구 테헤란로1길 19 지하1층 (우)06134
125,돈아까움 닭갈비엔 고기 반 야채 반 양이 지이이이인짜 적어요,1,매일 11:00 ~ 23:00,'//t1.kakaocdn.net/thumb/T800x0.q80/?fname=http%3A%2F%2Ft1.daumcdn.net%2Fplace%2F49DBA659C82349DCBBA563CDBEF641AE',장인닭갈비 강남점,서울 강남구 테헤란로1길 19 지하1층 (우)06134
126,맛있고 음식도 빨리 나오고 모듬사리 추가했더니 구성도 알차고 좋음! 한끼 간단하게 먹기 굳,4,매일 11:00 ~ 23:00,'//t1.kakaocdn.net/thumb/T800x0.q80/?fname=http%3A%2F%2Ft1.daumcdn.net%2Fplace%2F49DBA659C82349DCBBA563CDBEF641AE',장인닭갈비 강남점,서울 강남구 테헤란로1길 19 지하1층 (우)06134
127,"살다 이렇게 불친절 종업원은 처음보는듯, 신발은 제대로 신지도 않고 질질 끌고 다니고 짜증내고 카드는 리더기 위에 손 걸치고 귀찮은 듯 주고. 안간다 다시",1,매일 11:00 ~ 23:00,'//t1.kakaocdn.net/thumb/T800x0.q80/?fname=http%3A%2F%2Ft1.daumcdn.net%2Fplace%2F49DBA659C82349DCBBA563CDBEF641AE',장인닭갈비 강남점,서울 강남구 테헤란로1길 19 지하1층 (우)06134
128,치즈 철판에 안 달라 붙어서 너무 좋아요 ㅋㅋㅋㅋ 강남역에서 먹은 닭갈비 중에서 가장 맛있었어요.,4,매일 11:00 ~ 23:00,'//t1.kakaocdn.net/thumb/T800x0.q80/?fname=http%3A%2F%2Ft1.daumcdn.net%2Fplace%2F49DBA659C82349DCBBA563CDBEF641AE',장인닭갈비 강남점,서울 강남구 테헤란로1길 19 지하1층 (우)06134
129,,5,매일 11:00 ~ 23:00,'//t1.kakaocdn.net/thumb/T800x0.q80/?fname=http%3A%2F%2Ft1.daumcdn.net%2Fplace%2F49DBA659C82349DCBBA563CDBEF641AE',장인닭갈비 강남점,서울 강남구 테헤란로1길 19 지하1층 (우)06134
130,고기 양이 너무 적고너무 달달한 닭갈비임10대 여고생들이 좋아할만한분식 닭갈비,3,매일 11:00 ~ 23:00,'//t1.kakaocdn.net/thumb/T800x0.q80/?fname=http%3A%2F%2Ft1.daumcdn.net%2Fplace%2F49DBA659C82349DCBBA563CDBEF641AE',장인닭갈비 강남점,서울 강남구 테헤란로1길 19 지하1층 (우)06134
131,쏘쏘하게 맛있다,3,매일 11:00 ~ 23:00,'//t1.kakaocdn.net/thumb/T800x0.q80/?fname=http%3A%2F%2Ft1.daumcdn.net%2Fplace%2F49DBA659C82349DCBBA563CDBEF641AE',장인닭갈비 강남점,서울 강남구 테헤란로1길 19 지하1층 (우)06134
132,,5,매일 11:00 ~ 23:00,'//t1.kakaocdn.net/thumb/T800x0.q80/?fname=http%3A%2F%2Ft1.daumcdn.net%2Fplace%2F49DBA659C82349DCBBA563CDBEF641AE',장인닭갈비 강남점,서울 강남구 테헤란로1길 19 지하1층 (우)06134
133,알바불친절양적음다시오지않을예정,2,매일 11:00 ~ 23:00,'//t1.kakaocdn.net/thumb/T800x0.q80/?fname=http%3A%2F%2Ft1.daumcdn.net%2Fplace%2F49DBA659C82349DCBBA563CDBEF641AE',장인닭갈비 강남점,서울 강남구 테헤란로1길 19 지하1층 (우)06134
134,맛있어요. 다른데와 양념맛이 달라서 생각나는 맛이고 쌈채소 리필이 셀프라서 많이 가져다 먹을 수 있어서 좋아요. 근데 양이 조금 많이 적어요. 알바생 불친절한지는 딱히 못 느꼈어요.,4,매일 11:00 ~ 23:00,'//t1.kakaocdn.net/thumb/T800x0.q80/?fname=http%3A%2F%2Ft1.daumcdn.net%2Fplace%2F49DBA659C82349DCBBA563CDBEF641AE',장인닭갈비 강남점,서울 강남구 테헤란로1길 19 지하1층 (우)06134
135,불 만지지 말라고 하면러 치즈도 다 태우고;; 불친절해요 직원들,1,매일 11:00 ~ 23:00,'//t1.kakaocdn.net/thumb/T800x0.q80/?fname=http%3A%2F%2Ft1.daumcdn.net%2Fplace%2F49DBA659C82349DCBBA563CDBEF641AE',장인닭갈비 강남점,서울 강남구 테헤란로1길 19 지하1층 (우)06134
136,"우와 .떡볶이 양념 맛이네요 ,, 심지어 볶음밥두 청년다x 볶음밥 맛임. 그건 그렇다치고 속이 되게 더부룩해져요 양도 많은것두 아닌데 진짜더부룩함. 알바생들 불친절한건 못느꼈는데걍 장인떡볶이임 ㅠㅠ 춘천에서 살다오신분들은 왕비추 ~ 닭갈비 맛 아예 안나요. 심지어 고기양이 제일 적구요 당면양이 제일 많은데 당면 질도 안좋아서 다 퍼질러졌어요ㅠㅠ 먹을게없음 흑흑",1,매일 11:00 ~ 23:00,'//t1.kakaocdn.net/thumb/T800x0.q80/?fname=http%3A%2F%2Ft1.daumcdn.net%2Fplace%2F49DBA659C82349DCBBA563CDBEF641AE',장인닭갈비 강남점,서울 강남구 테헤란로1길 19 지하1층 (우)06134
137,알바생이 너무 불친절합니다,1,매일 11:00 ~ 23:00,'//t1.kakaocdn.net/thumb/T800x0.q80/?fname=http%3A%2F%2Ft1.daumcdn.net%2Fplace%2F49DBA659C82349DCBBA563CDBEF641AE',장인닭갈비 강남점,서울 강남구 테헤란로1길 19 지하1층 (우)06134
138,여기서 먹고 나서 저랑 같이간 친구랑 속이 안좋아서 하루종일 화장실 들락날락 했습니다.. 음식 질이 안 좋은 것 같네요. 그 다음 날에도 속이 더부룩하네요. 음식점에 벌레들도 많고 좀 비위생적이에요. 다신 안갑니다.,1,매일 11:00 ~ 23:00,'//t1.kakaocdn.net/thumb/T800x0.q80/?fname=http%3A%2F%2Ft1.daumcdn.net%2Fplace%2F49DBA659C82349DCBBA563CDBEF641AE',장인닭갈비 강남점,서울 강남구 테헤란로1길 19 지하1층 (우)06134
139,"1. 어수선한 분위기2. 불친절한 알바생3. 신선하지 못한 재료(양배추 먹으면 특유의 오래된 맛 남)4. 매우 적은 양(평소에 많이 먹지 않음에도 불구하고 양 자체가 적음, 떡도 기본적으로 안 들어가 있어서 추가해야 함)5. 그럼에도 불구하고 볶음밥은 맛있게 먹어서 별 한 개 추가. 앞으로 갈 일 없을듯",2,매일 11:00 ~ 23:00,'//t1.kakaocdn.net/thumb/T800x0.q80/?fname=http%3A%2F%2Ft1.daumcdn.net%2Fplace%2F49DBA659C82349DCBBA563CDBEF641AE',장인닭갈비 강남점,서울 강남구 테헤란로1길 19 지하1층 (우)06134
140,치즈는 인상적이지만 양 적고 너무 짬. 각자 앞접시에 덜어먹기 위해 집게 달라고 했더니 집게 구비가 안되어 있다고 함.,1,매일 11:00 ~ 23:00,'//t1.kakaocdn.net/thumb/T800x0.q80/?fname=http%3A%2F%2Ft1.daumcdn.net%2Fplace%2F49DBA659C82349DCBBA563CDBEF641AE',장인닭갈비 강남점,서울 강남구 테헤란로1길 19 지하1층 (우)06134
141,맛은 그렇다치구 넘 불친절해서 밥 먹는데 눈치보였어요ㅠㅠ 서버분이 주문 잘못 받아놓고 굳이 바꿔 받을거냐는 어투로 물어보시구....ㅠㅠ 서빙하시는 분이 지나가면서 정신없다구 욕도 하시고.....   기대했었는데 다시 가지는 않을거 같네요......,1,매일 11:00 ~ 23:00,'//t1.kakaocdn.net/thumb/T800x0.q80/?fname=http%3A%2F%2Ft1.daumcdn.net%2Fplace%2F49DBA659C82349DCBBA563CDBEF641AE',장인닭갈비 강남점,서울 강남구 테헤란로1길 19 지하1층 (우)06134
142,양 창렬직원 불친절,1,매일 11:00 ~ 23:00,'//t1.kakaocdn.net/thumb/T800x0.q80/?fname=http%3A%2F%2Ft1.daumcdn.net%2Fplace%2F49DBA659C82349DCBBA563CDBEF641AE',장인닭갈비 강남점,서울 강남구 테헤란로1길 19 지하1층 (우)06134
143,3인분 먹을때는 몰랐는데 2인분에 치즈만 추가하니까 양 진짜 작네요. 2인분 치즈추가 기준 1인분 모아보면 내 주먹만함,1,매일 11:00 ~ 23:00,'//t1.kakaocdn.net/thumb/T800x0.q80/?fname=http%3A%2F%2Ft1.daumcdn.net%2Fplace%2F49DBA659C82349DCBBA563CDBEF641AE',장인닭갈비 강남점,서울 강남구 테헤란로1길 19 지하1층 (우)06134
144,맛은 있는데 너무 비싸고 양도 적음그리고 가격 위에 있는 것보가 천원 더 올라감,3,매일 11:00 ~ 23:00,'//t1.kakaocdn.net/thumb/T800x0.q80/?fname=http%3A%2F%2Ft1.daumcdn.net%2Fplace%2F49DBA659C82349DCBBA563CDBEF641AE',장인닭갈비 강남점,서울 강남구 테헤란로1길 19 지하1층 (우)06134
145,직원분들도 친절하시고 음식도 맛잇어여~~잘 먹고갑니다~,5,매일 11:00 ~ 23:00,'//t1.kakaocdn.net/thumb/T800x0.q80/?fname=http%3A%2F%2Ft1.daumcdn.net%2Fplace%2F49DBA659C82349DCBBA563CDBEF641AE',장인닭갈비 강남점,서울 강남구 테헤란로1길 19 지하1층 (우)06134
146,너무 깨끗하고 친절하고 넓고 알바생들도 너무 착하고 넘 맛있게 잘 먹고 갑니당~~~~~~~~~~~~~~~,5,매일 11:00 ~ 23:00,'//t1.kakaocdn.net/thumb/T800x0.q80/?fname=http%3A%2F%2Ft1.daumcdn.net%2Fplace%2F49DBA659C82349DCBBA563CDBEF641AE',장인닭갈비 강남점,서울 강남구 테헤란로1길 19 지하1층 (우)06134
147,안정환 알바생 너무 친절합니다닭갈비 맛있어요잘 먹고 갑니다,5,매일 11:00 ~ 23:00,'//t1.kakaocdn.net/thumb/T800x0.q80/?fname=http%3A%2F%2Ft1.daumcdn.net%2Fplace%2F49DBA659C82349DCBBA563CDBEF641AE',장인닭갈비 강남점,서울 강남구 테헤란로1길 19 지하1층 (우)06134
148,,1,매일 11:00 ~ 23:00,'//t1.kakaocdn.net/thumb/T800x0.q80/?fname=http%3A%2F%2Ft1.daumcdn.net%2Fplace%2F49DBA659C82349DCBBA563CDBEF641AE',장인닭갈비 강남점,서울 강남구 테헤란로1길 19 지하1층 (우)06134
149,웨이팅 걱정하고 왔는데 다행히 바로 들어왔어요~~ 직원분들 너무 친절하시고 닭갈비 꿀맛입니당~~,5,매일 11:00 ~ 23:00,'//t1.kakaocdn.net/thumb/T800x0.q80/?fname=http%3A%2F%2Ft1.daumcdn.net%2Fplace%2F49DBA659C82349DCBBA563CDBEF641AE',장인닭갈비 강남점,서울 강남구 테헤란로1길 19 지하1층 (우)06134
150,닭갈비 맛집이라 갔는데 너무 맛있고 서비스가 좋아서 리뷰 남깁니다~,5,매일 11:00 ~ 23:00,'//t1.kakaocdn.net/thumb/T800x0.q80/?fname=http%3A%2F%2Ft1.daumcdn.net%2Fplace%2F49DBA659C82349DCBBA563CDBEF641AE',장인닭갈비 강남점,서울 강남구 테헤란로1길 19 지하1층 (우)06134
151,너무맛있어요 ~~~다음에 또 방문해야겠어요 ^,5,매일 11:00 ~ 23:00,'//t1.kakaocdn.net/thumb/T800x0.q80/?fname=http%3A%2F%2Ft1.daumcdn.net%2Fplace%2F49DBA659C82349DCBBA563CDBEF641AE',장인닭갈비 강남점,서울 강남구 테헤란로1길 19 지하1층 (우)06134
152,알바생들도 친절하고 맛이 기가막히네요,5,매일 11:00 ~ 23:00,'//t1.kakaocdn.net/thumb/T800x0.q80/?fname=http%3A%2F%2Ft1.daumcdn.net%2Fplace%2F49DBA659C82349DCBBA563CDBEF641AE',장인닭갈비 강남점,서울 강남구 테헤란로1길 19 지하1층 (우)06134
153,맛있따,5,매일 11:00 ~ 23:00,'//t1.kakaocdn.net/thumb/T800x0.q80/?fname=http%3A%2F%2Ft1.daumcdn.net%2Fplace%2F49DBA659C82349DCBBA563CDBEF641AE',장인닭갈비 강남점,서울 강남구 테헤란로1길 19 지하1층 (우)06134
154,맛있따,5,매일 11:00 ~ 23:00,'//t1.kakaocdn.net/thumb/T800x0.q80/?fname=http%3A%2F%2Ft1.daumcdn.net%2Fplace%2F49DBA659C82349DCBBA563CDBEF641AE',장인닭갈비 강남점,서울 강남구 테헤란로1길 19 지하1층 (우)06134
155,치즈에 중독이되고 닭이 너무 맛있어용 직원분이 착하게 서빙해주시구요,5,매일 11:00 ~ 23:00,'//t1.kakaocdn.net/thumb/T800x0.q80/?fname=http%3A%2F%2Ft1.daumcdn.net%2Fplace%2F49DBA659C82349DCBBA563CDBEF641AE',장인닭갈비 강남점,서울 강남구 테헤란로1길 19 지하1층 (우)06134
156,"맛있음 존맛 직원분들의 서비스도 최고, 다음에또 다시 오고싶을 맛",5,매일 11:00 ~ 23:00,'//t1.kakaocdn.net/thumb/T800x0.q80/?fname=http%3A%2F%2Ft1.daumcdn.net%2Fplace%2F49DBA659C82349DCBBA563CDBEF641AE',장인닭갈비 강남점,서울 강남구 테헤란로1길 19 지하1층 (우)06134
157,"넘,,,.넘,,,,, 맛있어요 배고픈 상태에서 먹어서 진짜 허겁지겁 먹음 ㅠ 그리고 알바생분들 너무 친절해서 기분좋게 먹고가용",5,매일 11:00 ~ 23:00,'//t1.kakaocdn.net/thumb/T800x0.q80/?fname=http%3A%2F%2Ft1.daumcdn.net%2Fplace%2F49DBA659C82349DCBBA563CDBEF641AE',장인닭갈비 강남점,서울 강남구 테헤란로1길 19 지하1층 (우)06134
158,진짜 비쥬얼도 너무 맛있어 보이지만..!!!!!! 보이는 것보다 더 맛있는 장인 닭갈비~!!매운거 진짜 못먹는 맵찔이인 저도 너무 맛있어서 호로록~!!!지금껏 수많은 닭갈비를 먹었지만.. 이런 닭갈비는 없었다.. 진짜 세계최강의 닭갈비다...강남 오시면 한번씩 드셔보셔요 ㅎㅅㅎ,5,매일 11:00 ~ 23:00,'//t1.kakaocdn.net/thumb/T800x0.q80/?fname=http%3A%2F%2Ft1.daumcdn.net%2Fplace%2F49DBA659C82349DCBBA563CDBEF641AE',장인닭갈비 강남점,서울 강남구 테헤란로1길 19 지하1층 (우)06134
159,강남에 올 때마다 오는 맛집입니다 ^-^ 너무 맛있어요 ㅎㅎ 직원 분들 친절하고 웃음도 예쁘셔요♡,5,매일 11:00 ~ 23:00,'//t1.kakaocdn.net/thumb/T800x0.q80/?fname=http%3A%2F%2Ft1.daumcdn.net%2Fplace%2F49DBA659C82349DCBBA563CDBEF641AE',장인닭갈비 강남점,서울 강남구 테헤란로1길 19 지하1층 (우)06134
160,맛있게 매우면서 감칠맛 나고 나오자마자 입에 넣을 생각하느라 완전체를 못찍었네용...짱맛이쑴ㅠㅠㅠㅠㅠㅠ꼭 오세요,5,매일 11:00 ~ 23:00,'//t1.kakaocdn.net/thumb/T800x0.q80/?fname=http%3A%2F%2Ft1.daumcdn.net%2Fplace%2F49DBA659C82349DCBBA563CDBEF641AE',장인닭갈비 강남점,서울 강남구 테헤란로1길 19 지하1층 (우)06134
161,,2,매일 11:00 ~ 23:00,'//t1.kakaocdn.net/thumb/T800x0.q80/?fname=http%3A%2F%2Ft1.daumcdn.net%2Fplace%2F49DBA659C82349DCBBA563CDBEF641AE',장인닭갈비 강남점,서울 강남구 테헤란로1길 19 지하1층 (우)06134
162,너무 맛있어서 사진을 찍을 겨를이 없어서 이렇게 올립니다 직원들도 너무 친절하네요,5,매일 11:00 ~ 23:00,'//t1.kakaocdn.net/thumb/T800x0.q80/?fname=http%3A%2F%2Ft1.daumcdn.net%2Fplace%2F49DBA659C82349DCBBA563CDBEF641AE',장인닭갈비 강남점,서울 강남구 테헤란로1길 19 지하1층 (우)06134
163,너무 맛있어서 사진 찍을 정신이 없었네요..직원들이 너무나도 친절합니다.서비스도 너무 좋고 가게도 너무 깨끗합니다!!,5,매일 11:00 ~ 23:00,'//t1.kakaocdn.net/thumb/T800x0.q80/?fname=http%3A%2F%2Ft1.daumcdn.net%2Fplace%2F49DBA659C82349DCBBA563CDBEF641AE',장인닭갈비 강남점,서울 강남구 테헤란로1길 19 지하1층 (우)06134
164,레전드 맛집 양 오진다,5,매일 11:00 ~ 23:00,'//t1.kakaocdn.net/thumb/T800x0.q80/?fname=http%3A%2F%2Ft1.daumcdn.net%2Fplace%2F49DBA659C82349DCBBA563CDBEF641AE',장인닭갈비 강남점,서울 강남구 테헤란로1길 19 지하1층 (우)06134
165,직원들이 너무 친절하시고 음식도 맛있고 매장도 깔끔해서 다음에 또 올것같네요!,5,매일 11:00 ~ 23:00,'//t1.kakaocdn.net/thumb/T800x0.q80/?fname=http%3A%2F%2Ft1.daumcdn.net%2Fplace%2F49DBA659C82349DCBBA563CDBEF641AE',장인닭갈비 강남점,서울 강남구 테헤란로1길 19 지하1층 (우)06134
166,직원들이 너무 친절하고 매장이 너무 깨끗하고 맛이 좋아요 .   다음에 또 올게요 !,5,매일 11:00 ~ 23:00,'//t1.kakaocdn.net/thumb/T800x0.q80/?fname=http%3A%2F%2Ft1.daumcdn.net%2Fplace%2F49DBA659C82349DCBBA563CDBEF641AE',장인닭갈비 강남점,서울 강남구 테헤란로1길 19 지하1층 (우)06134
167,정말 존맛탱이에요! 이렇게 서비스 및 볶음밥까지 맛있는데는 처음에용 ㅠㅠㅠㅠㅠ 두번오고 100번 더올꺼랍니다!!,5,매일 11:00 ~ 23:00,'//t1.kakaocdn.net/thumb/T800x0.q80/?fname=http%3A%2F%2Ft1.daumcdn.net%2Fplace%2F49DBA659C82349DCBBA563CDBEF641AE',장인닭갈비 강남점,서울 강남구 테헤란로1길 19 지하1층 (우)06134
168,직원분도친절하고 음식도진짜진짜맛있어요!! 특히볶음밥도엄청맛있구 먹어본닭갈비중에 제일맛있어요!!,5,매일 11:00 ~ 23:00,'//t1.kakaocdn.net/thumb/T800x0.q80/?fname=http%3A%2F%2Ft1.daumcdn.net%2Fplace%2F49DBA659C82349DCBBA563CDBEF641AE',장인닭갈비 강남점,서울 강남구 테헤란로1길 19 지하1층 (우)06134
169,존맛탱이에요ㅜㅜㅜ 양도 많고 고기도 많구 일단 치즈가 안모질라서 진짜 많이 먹을 수 있어서 좋아요 ㅠㅠㅠ 알바생분들도 엄청 친절하셔서 ㄹㅇ 맛집,5,매일 11:00 ~ 23:00,'//t1.kakaocdn.net/thumb/T800x0.q80/?fname=http%3A%2F%2Ft1.daumcdn.net%2Fplace%2F49DBA659C82349DCBBA563CDBEF641AE',장인닭갈비 강남점,서울 강남구 테헤란로1길 19 지하1층 (우)06134
170,모듬 사리만 시켰는데 세명이서 완전 배부르게 먹고도 남았네요 알바생도 친절하고 너무 만족했어요 ^^,5,매일 11:00 ~ 23:00,'//t1.kakaocdn.net/thumb/T800x0.q80/?fname=http%3A%2F%2Ft1.daumcdn.net%2Fplace%2F49DBA659C82349DCBBA563CDBEF641AE',장인닭갈비 강남점,서울 강남구 테헤란로1길 19 지하1층 (우)06134
171,직원분들이 너어어어무 착하구 너어어어어무 친절해서 매일 오고싶어요,5,매일 11:00 ~ 23:00,'//t1.kakaocdn.net/thumb/T800x0.q80/?fname=http%3A%2F%2Ft1.daumcdn.net%2Fplace%2F49DBA659C82349DCBBA563CDBEF641AE',장인닭갈비 강남점,서울 강남구 테헤란로1길 19 지하1층 (우)06134
172,직원분들 너무 친절하시구 땀흘리면서 일하는 모습이 너어어ㅓ어러무 보기조아여!^^,5,매일 11:00 ~ 23:00,'//t1.kakaocdn.net/thumb/T800x0.q80/?fname=http%3A%2F%2Ft1.daumcdn.net%2Fplace%2F49DBA659C82349DCBBA563CDBEF641AE',장인닭갈비 강남점,서울 강남구 테헤란로1길 19 지하1층 (우)06134
173,장인닭갈비 벌써 세번째 방문인데 맛도 안변하고 너무 맛있어염!!!,5,매일 11:00 ~ 23:00,'//t1.kakaocdn.net/thumb/T800x0.q80/?fname=http%3A%2F%2Ft1.daumcdn.net%2Fplace%2F49DBA659C82349DCBBA563CDBEF641AE',장인닭갈비 강남점,서울 강남구 테헤란로1길 19 지하1층 (우)06134
174,존맛탱이에요 !,5,매일 11:00 ~ 23:00,'//t1.kakaocdn.net/thumb/T800x0.q80/?fname=http%3A%2F%2Ft1.daumcdn.net%2Fplace%2F49DBA659C82349DCBBA563CDBEF641AE',장인닭갈비 강남점,서울 강남구 테헤란로1길 19 지하1층 (우)06134
175,알바생들 미소가 너무 보기 좋아요 밥먹을맛 나네요 너무맛있고요 매장이 너무 깨끗한거 아닌가요?!자주오겠네요~!~!~!,5,매일 11:00 ~ 23:00,'//t1.kakaocdn.net/thumb/T800x0.q80/?fname=http%3A%2F%2Ft1.daumcdn.net%2Fplace%2F49DBA659C82349DCBBA563CDBEF641AE',장인닭갈비 강남점,서울 강남구 테헤란로1길 19 지하1층 (우)06134
176,양많고 서비스도 좋고 맛있어요 ~!,5,매일 11:00 ~ 23:00,'//t1.kakaocdn.net/thumb/T800x0.q80/?fname=http%3A%2F%2Ft1.daumcdn.net%2Fplace%2F49DBA659C82349DCBBA563CDBEF641AE',장인닭갈비 강남점,서울 강남구 테헤란로1길 19 지하1층 (우)06134
177,,1,매일 11:00 ~ 23:00,'//t1.kakaocdn.net/thumb/T800x0.q80/?fname=http%3A%2F%2Ft1.daumcdn.net%2Fplace%2F49DBA659C82349DCBBA563CDBEF641AE',장인닭갈비 강남점,서울 강남구 테헤란로1길 19 지하1층 (우)06134
178,혼자 2인분 시켜서 먹었는데 배불~ 배불~ 맛은 좋았어요!밑에 보니깐 후기가 안좋던데 제가 갔을때는짱 맛있었어요 ~ ㅎㅎ 2번 가서 먹었는데 2번다 존맛탱 ~ ㅎㅎ 오늘 화요일이니깐 오늘도 가서 먹을거에요 ㅎㅎ 평택 사는데 평택에있는 닭갈비보다 맛있어요 제 입맛이 좀 까다로운데 비린내도 없었고 맛도 좋았어요 닭갈비를 먹는 이유가 먹고나서 볶음밥을 먹기위해ㅜ다들 먹자나요 ㅎㅎ 볶음밥까지 굿굿볶음밥은 진짜 맛있었어요 닭갈비 먹고나서 볶음밥이ㅜ맛없으면 기분 나쁜데 맛있어서 행복했어요 오늘 또 가서 볶음밥까지ㅜ조져야겠네요 ㅎㅎ,5,매일 11:00 ~ 23:00,'//t1.kakaocdn.net/thumb/T800x0.q80/?fname=http%3A%2F%2Ft1.daumcdn.net%2Fplace%2F49DBA659C82349DCBBA563CDBEF641AE',장인닭갈비 강남점,서울 강남구 테헤란로1길 19 지하1층 (우)06134
179,닭갈비 하면 생각나는 맛있는 맛 넘 맛있어요,5,매일 11:00 ~ 23:00,'//t1.kakaocdn.net/thumb/T800x0.q80/?fname=http%3A%2F%2Ft1.daumcdn.net%2Fplace%2F49DBA659C82349DCBBA563CDBEF641AE',장인닭갈비 강남점,서울 강남구 테헤란로1길 19 지하1층 (우)06134
180,오늘 처음 와본곳인데 직원들도 착하고 가격도 굳   양도 많고 4명이서 3인분 먹어도 배부른 양❤ 다음에도 또 오고 싶은 곳입니다   짱 추천!,5,매일 11:00 ~ 23:00,'//t1.kakaocdn.net/thumb/T800x0.q80/?fname=http%3A%2F%2Ft1.daumcdn.net%2Fplace%2F49DBA659C82349DCBBA563CDBEF641AE',장인닭갈비 강남점,서울 강남구 테헤란로1길 19 지하1층 (우)06134
181,처음가봤는데 너무 맛있어요 다음에. 또 먹으러 올거예요 !!,5,매일 11:00 ~ 23:00,'//t1.kakaocdn.net/thumb/T800x0.q80/?fname=http%3A%2F%2Ft1.daumcdn.net%2Fplace%2F49DBA659C82349DCBBA563CDBEF641AE',장인닭갈비 강남점,서울 강남구 테헤란로1길 19 지하1층 (우)06134
182,닭갈비 무엇! 짱맛있어요!볶음밥은필수!!,5,매일 11:00 ~ 23:00,'//t1.kakaocdn.net/thumb/T800x0.q80/?fname=http%3A%2F%2Ft1.daumcdn.net%2Fplace%2F49DBA659C82349DCBBA563CDBEF641AE',장인닭갈비 강남점,서울 강남구 테헤란로1길 19 지하1층 (우)06134
183,직원분들이 되게 친절하고 양 무엇? 실제로 보면 엄청 커여 대에박ㅋㅋㅋ 자주 와서 먹을께여><,5,매일 11:00 ~ 23:00,'//t1.kakaocdn.net/thumb/T800x0.q80/?fname=http%3A%2F%2Ft1.daumcdn.net%2Fplace%2F49DBA659C82349DCBBA563CDBEF641AE',장인닭갈비 강남점,서울 강남구 테헤란로1길 19 지하1층 (우)06134
184,맛있어요  직원분이 너무 친절하시네요!,5,매일 11:00 ~ 23:00,'//t1.kakaocdn.net/thumb/T800x0.q80/?fname=http%3A%2F%2Ft1.daumcdn.net%2Fplace%2F49DBA659C82349DCBBA563CDBEF641AE',장인닭갈비 강남점,서울 강남구 테헤란로1길 19 지하1층 (우)06134
185,닭갈비 양념 간도 너무 잘돼있고 치즈도 우리가 알고있는 치즈보다 훨씬 부드럽고 맛있어요..볶음밥이 진짜 레전드...꼭 드세요 진짜로,5,매일 11:00 ~ 23:00,'//t1.kakaocdn.net/thumb/T800x0.q80/?fname=http%3A%2F%2Ft1.daumcdn.net%2Fplace%2F49DBA659C82349DCBBA563CDBEF641AE',장인닭갈비 강남점,서울 강남구 테헤란로1길 19 지하1층 (우)06134
186,맛있어요!!!!!,5,매일 11:00 ~ 23:00,'//t1.kakaocdn.net/thumb/T800x0.q80/?fname=http%3A%2F%2Ft1.daumcdn.net%2Fplace%2F49DBA659C82349DCBBA563CDBEF641AE',장인닭갈비 강남점,서울 강남구 테헤란로1길 19 지하1층 (우)06134
187,닭갈비가 너무고급스럽고 맛있네요 ㅎㅎ무엇보다 직원이 너무이뻐요... 볶음밥 그손놀림..장인정신 반했습니다다음에갈때는 연락처물어봅니다..,5,매일 11:00 ~ 23:00,'//t1.kakaocdn.net/thumb/T800x0.q80/?fname=http%3A%2F%2Ft1.daumcdn.net%2Fplace%2F49DBA659C82349DCBBA563CDBEF641AE',장인닭갈비 강남점,서울 강남구 테헤란로1길 19 지하1층 (우)06134
188,맛있네요,5,매일 11:00 ~ 23:00,'//t1.kakaocdn.net/thumb/T800x0.q80/?fname=http%3A%2F%2Ft1.daumcdn.net%2Fplace%2F49DBA659C82349DCBBA563CDBEF641AE',장인닭갈비 강남점,서울 강남구 테헤란로1길 19 지하1층 (우)06134
189,최고에요~~~ 후회하지 않을 맛!!! ㅎㅎㅎ,5,매일 11:00 ~ 23:00,'//t1.kakaocdn.net/thumb/T800x0.q80/?fname=http%3A%2F%2Ft1.daumcdn.net%2Fplace%2F49DBA659C82349DCBBA563CDBEF641AE',장인닭갈비 강남점,서울 강남구 테헤란로1길 19 지하1층 (우)06134
190,치즈양 완전 혜자.. 치즈 완전 좋아하는데 여기 치즈 진짜 맛있는듯.. 대기 엄청 길다고해서 걱정했는데 대기안하고 들어갔어요! 인생닭갈비 완전 추천요 ㅎㅎ,5,매일 11:00 ~ 23:00,'//t1.kakaocdn.net/thumb/T800x0.q80/?fname=http%3A%2F%2Ft1.daumcdn.net%2Fplace%2F49DBA659C82349DCBBA563CDBEF641AE',장인닭갈비 강남점,서울 강남구 테헤란로1길 19 지하1층 (우)06134
191,치즈 닭갈비 처음먹어봤는데 다시는 잊지 못할 맛이에요 ㅠㅠ 엄청 맛있었어요 다음에 또 와야겠어요 ㅎㅎ,5,매일 11:00 ~ 23:00,'//t1.kakaocdn.net/thumb/T800x0.q80/?fname=http%3A%2F%2Ft1.daumcdn.net%2Fplace%2F49DBA659C82349DCBBA563CDBEF641AE',장인닭갈비 강남점,서울 강남구 테헤란로1길 19 지하1층 (우)06134
192,직원분들이 너무 엄청 친절하시고 닭갈비 짱 맛있어요 ㅎㅅㅎ,5,매일 11:00 ~ 23:00,'//t1.kakaocdn.net/thumb/T800x0.q80/?fname=http%3A%2F%2Ft1.daumcdn.net%2Fplace%2F49DBA659C82349DCBBA563CDBEF641AE',장인닭갈비 강남점,서울 강남구 테헤란로1길 19 지하1층 (우)06134
193,맛있어요,5,매일 11:00 ~ 23:00,'//t1.kakaocdn.net/thumb/T800x0.q80/?fname=http%3A%2F%2Ft1.daumcdn.net%2Fplace%2F49DBA659C82349DCBBA563CDBEF641AE',장인닭갈비 강남점,서울 강남구 테헤란로1길 19 지하1층 (우)06134
194,보통,3,매일 11:00 ~ 23:00,'//t1.kakaocdn.net/thumb/T800x0.q80/?fname=http%3A%2F%2Ft1.daumcdn.net%2Fplace%2F49DBA659C82349DCBBA563CDBEF641AE',장인닭갈비 강남점,서울 강남구 테헤란로1길 19 지하1층 (우)06134
195,완전 평범한 맛! 또 갈지는 잘 모르겠어용,3,매일 11:00 ~ 23:00,'//t1.kakaocdn.net/thumb/T800x0.q80/?fname=http%3A%2F%2Ft1.daumcdn.net%2Fplace%2F49DBA659C82349DCBBA563CDBEF641AE',장인닭갈비 강남점,서울 강남구 테헤란로1길 19 지하1층 (우)06134
196,별 0개는 없나요..?이게 진짜 2인분 양인지도 모르겠고 맛도 별로에요.군대에서 먹던 닭갈비가 훨 낫네요 ㅋㅋㅋ,1,매일 11:00 ~ 23:00,'//t1.kakaocdn.net/thumb/T800x0.q80/?fname=http%3A%2F%2Ft1.daumcdn.net%2Fplace%2F49DBA659C82349DCBBA563CDBEF641AE',장인닭갈비 강남점,서울 강남구 테헤란로1길 19 지하1층 (우)06134
197,,3,매일 11:00 ~ 23:00,'//t1.kakaocdn.net/thumb/T800x0.q80/?fname=http%3A%2F%2Ft1.daumcdn.net%2Fplace%2F49DBA659C82349DCBBA563CDBEF641AE',장인닭갈비 강남점,서울 강남구 테헤란로1길 19 지하1층 (우)06134
198,솔직히 대형 프렌차이즈인 유×네보다도 못한 거 같다,2,매일 11:00 ~ 23:00,'//t1.kakaocdn.net/thumb/T800x0.q80/?fname=http%3A%2F%2Ft1.daumcdn.net%2Fplace%2F49DBA659C82349DCBBA563CDBEF641AE',장인닭갈비 강남점,서울 강남구 테헤란로1길 19 지하1층 (우)06134
199,맛있게 매운맛! 제일 순한거 먹었는데도 살짝 매워요볶음밥도 굿굿친구가 최근에 갔을때 맛이 변했다하던데 다음에 내가 먹으러 갔을 땐 그대로이길..,4,매일 11:00 ~ 23:00,'//t1.kakaocdn.net/thumb/T800x0.q80/?fname=http%3A%2F%2Ft1.daumcdn.net%2Fplace%2F49DBA659C82349DCBBA563CDBEF641AE',장인닭갈비 강남점,서울 강남구 테헤란로1길 19 지하1층 (우)06134
200,양 넉넉하게 시켰는데 진짜 1인분도 채 안되는 양이 나와서 당황했습니다.,1,매일 11:00 ~ 23:00,'//t1.kakaocdn.net/thumb/T800x0.q80/?fname=http%3A%2F%2Ft1.daumcdn.net%2Fplace%2F49DBA659C82349DCBBA563CDBEF641AE',장인닭갈비 강남점,서울 강남구 테헤란로1길 19 지하1층 (우)06134
201,뼈 없는 닭갈비 3인분 시켰는데 먹다 남은 닭갈비 준 거처럼 양이 너무 없어요 식당 직원들이 너무 생각이 없어요 주문을 받아도 제대로 이해를 못 해요 다시는 안 오려고요여기 올 바엔 유가네 가세요,1,매일 11:00 ~ 23:00,'//t1.kakaocdn.net/thumb/T800x0.q80/?fname=http%3A%2F%2Ft1.daumcdn.net%2Fplace%2F49DBA659C82349DCBBA563CDBEF641AE',장인닭갈비 강남점,서울 강남구 테헤란로1길 19 지하1층 (우)06134
202,와하 인생 닭갈비 찾았습니다반찬들 셀프인것도 맘에들고 깻잎상추 무 양배추샐러드가 다 제가좋아하는 밑반찬들이에요. 저탄고지를 하고있는터라... 크...좋습니다닭갈비 보통맛먹었고 점심에갔는데점심세트라고 가격도 둘이먹어서 2만원도안했습니다최고네요 또 올거에요 그동안 내스탈아니었던 유가네 안녕,5,매일 11:00 ~ 23:00,'//t1.kakaocdn.net/thumb/T800x0.q80/?fname=http%3A%2F%2Ft1.daumcdn.net%2Fplace%2F49DBA659C82349DCBBA563CDBEF641AE',장인닭갈비 강남점,서울 강남구 테헤란로1길 19 지하1층 (우)06134
203,너무 맛없다 되게 인스턴트 맛이고 대기하는것도 이해안가고 돈이 너무 아까움 나오면서도 왜 갔지 생각되던곳,1,매일 11:00 ~ 23:00,'//t1.kakaocdn.net/thumb/T800x0.q80/?fname=http%3A%2F%2Ft1.daumcdn.net%2Fplace%2F49DBA659C82349DCBBA563CDBEF641AE',장인닭갈비 강남점,서울 강남구 테헤란로1길 19 지하1층 (우)06134
204,별 한 개도 주기 싫은 곳. 오전 11시 반쯤 도착해서 테이블 꽉 차지도 않은 상태에 주문 했는데 주문이 제대로 들어가지도 않았어요. 조리시간 15분 걸린다고 써있길래 계속 기다렸는데 저희보다 늦게 온 테이블들 다 먼저 나오더라구요. 그래서 저희 20분 기다렸다고 어떻게 된건지 알아봐 달라고 하니 여직원이 알겠다며 주문서 들고 가더니 감감무소식. 그 여직원 답은 안해주고 우리보다 늦게 나온 테이블 그냥 서빙중. 확인하고 대답 먼저 해줘야 되는게 기본 아닙니까? 너무 어이없어서 그냥 취소해 달라고 하고 나왔습니다. 죄송하단 말도 없고 맛은 그냥 나와서 모르겠지만 안먹어봐도 다른 리뷰보니 맛없는거 알 것 같네요. 절대 가지 마세요.,1,매일 11:00 ~ 23:00,'//t1.kakaocdn.net/thumb/T800x0.q80/?fname=http%3A%2F%2Ft1.daumcdn.net%2Fplace%2F49DBA659C82349DCBBA563CDBEF641AE',장인닭갈비 강남점,서울 강남구 테헤란로1길 19 지하1층 (우)06134
205,리뷰 잘 안남기고 웬만하면 다 신경 안쓰고 잘먹고 나오는데처음에 앉았을때 부터 나온 새컵에 물 부으니 세제 거품이랑 닭갈비 붉은 양념 뜨고 말씀드렸더니 죄송하다는 말 한마디 없으시고옆 테이블 아줌마 4명 저희 보다 늦게 오시고 늦게 주문하셨는데 볶음밥 먼저 볶아드리고 이후에 먼저 주문한 저희 테이블은 10분 가량 더 기다렸네요. 알바생들 착한지도 모르겠고 식당이 너무 어수선해서 너무 기다리고...개인적으로 다시 찾을 것 같진 않네요.,1,매일 11:00 ~ 23:00,'//t1.kakaocdn.net/thumb/T800x0.q80/?fname=http%3A%2F%2Ft1.daumcdn.net%2Fplace%2F49DBA659C82349DCBBA563CDBEF641AE',장인닭갈비 강남점,서울 강남구 테헤란로1길 19 지하1층 (우)06134
206,손님들이 부르면 직원들이 욕하면서 가는게 들림. 직원 식사하는 시간에 봤는데 남자직원이 테이블에 주는 파란뚜껑 큰 물통 뚜껑 열더니 입대고 마시고 다시 닫는거 봄. 맛도 뭐 그닥.,1,매일 11:00 ~ 23:00,'//t1.kakaocdn.net/thumb/T800x0.q80/?fname=http%3A%2F%2Ft1.daumcdn.net%2Fplace%2F49DBA659C82349DCBBA563CDBEF641AE',장인닭갈비 강남점,서울 강남구 테헤란로1길 19 지하1층 (우)06134
207,여기 별 1개 이상 주는 인간들은미각에 문제가있는놈들이다.윾가네가 질려서 가봤지만 정말별로다..후,1,매일 11:00 ~ 23:00,'//t1.kakaocdn.net/thumb/T800x0.q80/?fname=http%3A%2F%2Ft1.daumcdn.net%2Fplace%2F49DBA659C82349DCBBA563CDBEF641AE',장인닭갈비 강남점,서울 강남구 테헤란로1길 19 지하1층 (우)06134
208,고기랑 양배추 밖에 없어요. 고구마 깻잎 떡 이런거 기대하면 절대 ㄴㄴㄴㄴ 맛도 없고 맵기만 맵고..웨이팅하는 손님한테 도망치라고 말하고 싶을 정도 ㅎ,1,매일 11:00 ~ 23:00,'//t1.kakaocdn.net/thumb/T800x0.q80/?fname=http%3A%2F%2Ft1.daumcdn.net%2Fplace%2F49DBA659C82349DCBBA563CDBEF641AE',장인닭갈비 강남점,서울 강남구 테헤란로1길 19 지하1층 (우)06134
209,신랑이랑 2인분.떡추가일반적인 닭갈비에는 양배추.고구마가 기본이지만강남장인 닭갈비는 2인분인데 눈으로닭조각갯수 셀수 있을정도.양배추도 셀수 있을 정도주문지를 다시보게됨.혹시 1인분 시켰나 해서.떡은 기본적으로 없는지 분명히 떡사리 추가로 시켰는데도 샐수 있을정도 정말 최악입니다닭갈비기본도 모르는분이 장사를 하는 듯한아주저렴한 여행패키지가서 쇼핑만 엄청한 기분사리.치즈 추가없이 기본만 시키면 정말 1분정도 멍해지는 양닭갈비 먹으러 갔는데..치즈.라면사리먹으로 간듯한정말 단돈 천원도 아까운 최악에 닭갈비입니다알바생들 정말 일하기 싫은 표정과 응대그리고 익혀서 나오니까. 철판 위생상태 알수 없다는거위생적인지 아님 지저분한거만 대충 닦고 나오는건지.흠..정말 쓰면서도ᆢ 화가 나는집 이네요정말 불쾌해서 이런글을 쓰게 되네요,1,매일 11:00 ~ 23:00,'//t1.kakaocdn.net/thumb/T800x0.q80/?fname=http%3A%2F%2Ft1.daumcdn.net%2Fplace%2F49DBA659C82349DCBBA563CDBEF641AE',장인닭갈비 강남점,서울 강남구 테헤란로1길 19 지하1층 (우)06134
210,어제 방문했는데 일하시는 나이좀 있으신 아주머니가 시비를 거시네요..내가 손님인지 거지인지...매니저를 불러서 얘기 했더니 바뻐서 짜증이난거같다는 대답..참 어이없고 기분 나쁜 곳이네요그아주머니는 내내 신경질적으로 일하시고 뭐 이런 가게가 다있나요체인점인데 이런 문제를 항의할 곳이 없어서 여기에 리뷰 남깁니다퇴근후 식사겸 맥주 한잔 하러 갔다가 완전 봉변 당했네요,1,매일 11:00 ~ 23:00,'//t1.kakaocdn.net/thumb/T800x0.q80/?fname=http%3A%2F%2Ft1.daumcdn.net%2Fplace%2F49DBA659C82349DCBBA563CDBEF641AE',장인닭갈비 강남점,서울 강남구 테헤란로1길 19 지하1층 (우)06134
211,어떤새X가 양적고 양배추말고 뭐 없다고 적은건지...2인분에 납작우동 하나시켰다가 배터질거같아서볶음밥 못먹을뻔 ㅠㅠ사장님 이러다 망하면안되는데 뭘이렇게 많이주시나맛도좋고 최고임,5,매일 11:00 ~ 23:00,'//t1.kakaocdn.net/thumb/T800x0.q80/?fname=http%3A%2F%2Ft1.daumcdn.net%2Fplace%2F49DBA659C82349DCBBA563CDBEF641AE',장인닭갈비 강남점,서울 강남구 테헤란로1길 19 지하1층 (우)06134
212,닭고기가 덜 익어서 나와요. 사리추가 안하면 닭고기랑 양배추뿐이라 아쉬워요.,2,매일 11:00 ~ 23:00,'//t1.kakaocdn.net/thumb/T800x0.q80/?fname=http%3A%2F%2Ft1.daumcdn.net%2Fplace%2F49DBA659C82349DCBBA563CDBEF641AE',장인닭갈비 강남점,서울 강남구 테헤란로1길 19 지하1층 (우)06134
0,맛있는데 가성비는 모르겠음장소는 넓음,3,매일 11:30 ~ 22:00,'//t1.kakaocdn.net/thumb/T800x0.q80/?fname=http%3A%2F%2Ft1.daumcdn.net%2Fplace%2F69193ACF05A5485AAEC767A5F0FB4D6C',창고43 강남점,서울 강남구 강남대로 362 대륭강남타워 지하1층 (우)06241
1,강남역 근처에서 가본 소고기집 중에선 여기가 최고,5,매일 11:30 ~ 22:00,'//t1.kakaocdn.net/thumb/T800x0.q80/?fname=http%3A%2F%2Ft1.daumcdn.net%2Fplace%2F69193ACF05A5485AAEC767A5F0FB4D6C',창고43 강남점,서울 강남구 강남대로 362 대륭강남타워 지하1층 (우)06241
2,이 가격에 고기가 맛 없으면 장사를 접어야지. 고기맛은 비싼값만큼 함. 장사도 진짜 잘 됨. 점심에도 꽉찰 정도. 하지만 누구를 접대하거나 분위기를 위한거면 비추사람 많은 만큼 직원들이 많아야 하는데 응대도 잘 안 되고 자기들끼리 소통도 안 됨. 돈이 한 두 푼이 아닌데 이런 서비스 ㄴㄴ 고기 여기는 등심이 약간 비린 부분이 있음. 새우살 맛있음. 된장말이 괜찮은데 깍두기 볶음밥은 쓰레기. 고기 좀 넣어주는게 더 맛있을 듯. 그리고 반찬 이 수준이 맞나? 뭔가 조화가 없고 맛도 그저그럼. 고기가 물림.. 바꿔서 고기를 더 먹고싶게 해야지참고로 몇몇 메뉴는 금방 품절되니 미리 시켜야함,3,매일 11:30 ~ 22:00,'//t1.kakaocdn.net/thumb/T800x0.q80/?fname=http%3A%2F%2Ft1.daumcdn.net%2Fplace%2F69193ACF05A5485AAEC767A5F0FB4D6C',창고43 강남점,서울 강남구 강남대로 362 대륭강남타워 지하1층 (우)06241
3,비싸지만 맛있음.. 분위기 면에서는 일산점보다는 훨씬 훌륭한데 맛은 일산이 조금 더 좋았음,5,매일 11:30 ~ 22:00,'//t1.kakaocdn.net/thumb/T800x0.q80/?fname=http%3A%2F%2Ft1.daumcdn.net%2Fplace%2F69193ACF05A5485AAEC767A5F0FB4D6C',창고43 강남점,서울 강남구 강남대로 362 대륭강남타워 지하1층 (우)06241
4,,5,매일 11:30 ~ 22:00,'//t1.kakaocdn.net/thumb/T800x0.q80/?fname=http%3A%2F%2Ft1.daumcdn.net%2Fplace%2F69193ACF05A5485AAEC767A5F0FB4D6C',창고43 강남점,서울 강남구 강남대로 362 대륭강남타워 지하1층 (우)06241
5,잘먹었슘다! 맛있어요:),5,매일 11:30 ~ 22:00,'//t1.kakaocdn.net/thumb/T800x0.q80/?fname=http%3A%2F%2Ft1.daumcdn.net%2Fplace%2F69193ACF05A5485AAEC767A5F0FB4D6C',창고43 강남점,서울 강남구 강남대로 362 대륭강남타워 지하1층 (우)06241
6,5인 방문해서 세트 및 주류 왕창 시킴. 뭐 달라고 하면 가서 안옴. 또 눌러서 달라고 해야 2번째에 갖다줌. 맥주도 세 번 부름. 스프라이트 30분 후에 옴. 볶음밥은 와서 재료 던져놓고 한참을 안옴. 벨 눌러서 부르니 그냥 양념넣고 가서 또 한참을 안옴. 탈때까지 기다려보자고 했는데 친구가 벨 안눌렀으면 볼만했을듯. 볶음밥 하나 먹는데 벨을 4번 누르는 가게. 돈은 비싸고 룸은 덥고 서비스는 느리고 돈보다도 시간이 아깝고 오랜만에 만난 사람들에게 미안했던 방문. 그 다음 모임들은 전부 다른 가게로 옮겼습니다.,1,매일 11:30 ~ 22:00,'//t1.kakaocdn.net/thumb/T800x0.q80/?fname=http%3A%2F%2Ft1.daumcdn.net%2Fplace%2F69193ACF05A5485AAEC767A5F0FB4D6C',창고43 강남점,서울 강남구 강남대로 362 대륭강남타워 지하1층 (우)06241
7,친절하세요ㅎㅎ 잘먹었습니다,4,매일 11:30 ~ 22:00,'//t1.kakaocdn.net/thumb/T800x0.q80/?fname=http%3A%2F%2Ft1.daumcdn.net%2Fplace%2F69193ACF05A5485AAEC767A5F0FB4D6C',창고43 강남점,서울 강남구 강남대로 362 대륭강남타워 지하1층 (우)06241
8,,2,매일 11:30 ~ 22:00,'//t1.kakaocdn.net/thumb/T800x0.q80/?fname=http%3A%2F%2Ft1.daumcdn.net%2Fplace%2F69193ACF05A5485AAEC767A5F0FB4D6C',창고43 강남점,서울 강남구 강남대로 362 대륭강남타워 지하1층 (우)06241
9,가격대비 서비스를 받는다는 느낌이 안들고 고기도 그냥저냥 깍두기 볶음밥은 별로입니다..,3,매일 11:30 ~ 22:00,'//t1.kakaocdn.net/thumb/T800x0.q80/?fname=http%3A%2F%2Ft1.daumcdn.net%2Fplace%2F69193ACF05A5485AAEC767A5F0FB4D6C',창고43 강남점,서울 강남구 강남대로 362 대륭강남타워 지하1층 (우)06241
10,된찌밥이 진짜 별미,4,매일 11:30 ~ 22:00,'//t1.kakaocdn.net/thumb/T800x0.q80/?fname=http%3A%2F%2Ft1.daumcdn.net%2Fplace%2F69193ACF05A5485AAEC767A5F0FB4D6C',창고43 강남점,서울 강남구 강남대로 362 대륭강남타워 지하1층 (우)06241
11,이 가격이라면 맛 없을 수는 없겠지만 기대보다는 그닥..ㅠㅠ다른 지점에서는 분명 더 맛있게 먹었는데 구워주시는 분에 따라 차이가 있는 걸까요..,2,매일 11:30 ~ 22:00,'//t1.kakaocdn.net/thumb/T800x0.q80/?fname=http%3A%2F%2Ft1.daumcdn.net%2Fplace%2F69193ACF05A5485AAEC767A5F0FB4D6C',창고43 강남점,서울 강남구 강남대로 362 대륭강남타워 지하1층 (우)06241
12,살다살다 이런 가게는 처음입니다.사고 쳐놓고 직원끼리 작당모의 하고 아무일 없는 척 일하는 분들. 매니저는 가식적으로 다음에 오면 서비스 해드릴게요 하는가게.옛날 창고 생각하고 가시지 않길 바랍니다. 유명 프랜차이즈에 인수된 가게에 불과합니다,1,매일 11:30 ~ 22:00,'//t1.kakaocdn.net/thumb/T800x0.q80/?fname=http%3A%2F%2Ft1.daumcdn.net%2Fplace%2F69193ACF05A5485AAEC767A5F0FB4D6C',창고43 강남점,서울 강남구 강남대로 362 대륭강남타워 지하1층 (우)06241
13,두번 가지는 않을것후기대로 직원들 싸가지 없음벨무시 기본메뉴판 달라니까 불친절하게 저뒤에 있잖아요 내가 이집 주인이냐! 저뒤에 있는줄 알게!!!다신 안간다,1,매일 11:30 ~ 22:00,'//t1.kakaocdn.net/thumb/T800x0.q80/?fname=http%3A%2F%2Ft1.daumcdn.net%2Fplace%2F69193ACF05A5485AAEC767A5F0FB4D6C',창고43 강남점,서울 강남구 강남대로 362 대륭강남타워 지하1층 (우)06241
14,벨 무시당함 지나가는 직원한테 고기꿔달라고 말해야함. 언제먹으라는 말도 없이 그냥 휙 가버림 이 돈주고 이 서비스를 당해야하나,1,매일 11:30 ~ 22:00,'//t1.kakaocdn.net/thumb/T800x0.q80/?fname=http%3A%2F%2Ft1.daumcdn.net%2Fplace%2F69193ACF05A5485AAEC767A5F0FB4D6C',창고43 강남점,서울 강남구 강남대로 362 대륭강남타워 지하1층 (우)06241
15,"불친절, 반찬이 특색없음 특히 깍두기볶음밥 최악 물냉은 그나마 먹을만담부턴 경천애인이나 한와담 가야지",2,매일 11:30 ~ 22:00,'//t1.kakaocdn.net/thumb/T800x0.q80/?fname=http%3A%2F%2Ft1.daumcdn.net%2Fplace%2F69193ACF05A5485AAEC767A5F0FB4D6C',창고43 강남점,서울 강남구 강남대로 362 대륭강남타워 지하1층 (우)06241
16,,4,매일 11:30 ~ 22:00,'//t1.kakaocdn.net/thumb/T800x0.q80/?fname=http%3A%2F%2Ft1.daumcdn.net%2Fplace%2F69193ACF05A5485AAEC767A5F0FB4D6C',창고43 강남점,서울 강남구 강남대로 362 대륭강남타워 지하1층 (우)06241
17,룸에서 모임하기 좋아요.,4,매일 11:30 ~ 22:00,'//t1.kakaocdn.net/thumb/T800x0.q80/?fname=http%3A%2F%2Ft1.daumcdn.net%2Fplace%2F69193ACF05A5485AAEC767A5F0FB4D6C',창고43 강남점,서울 강남구 강남대로 362 대륭강남타워 지하1층 (우)06241
18,너무 조치 룸도 잇고 근데 환기가 안됨 ㅠ그리고 카운터 남자분 일 똑바로 햇으면 ㅠ 싸1가지 진짜 가정교육 된장찌개에 밥말아먹엇나,5,매일 11:30 ~ 22:00,'//t1.kakaocdn.net/thumb/T800x0.q80/?fname=http%3A%2F%2Ft1.daumcdn.net%2Fplace%2F69193ACF05A5485AAEC767A5F0FB4D6C',창고43 강남점,서울 강남구 강남대로 362 대륭강남타워 지하1층 (우)06241
19,"여기올때마다느끼는거지만 카운터 직원, 맨앞에서 자리응대하는직원 참 불친절...말풍선 다보인다. 말하는게 기본이 안된듯",2,매일 11:30 ~ 22:00,'//t1.kakaocdn.net/thumb/T800x0.q80/?fname=http%3A%2F%2Ft1.daumcdn.net%2Fplace%2F69193ACF05A5485AAEC767A5F0FB4D6C',창고43 강남점,서울 강남구 강남대로 362 대륭강남타워 지하1층 (우)06241
20,,5,매일 11:30 ~ 22:00,'//t1.kakaocdn.net/thumb/T800x0.q80/?fname=http%3A%2F%2Ft1.daumcdn.net%2Fplace%2F69193ACF05A5485AAEC767A5F0FB4D6C',창고43 강남점,서울 강남구 강남대로 362 대륭강남타워 지하1층 (우)06241
21,바닥이 너무 미끌거림..파채는 도끼로 써는듯,2,매일 11:30 ~ 22:00,'//t1.kakaocdn.net/thumb/T800x0.q80/?fname=http%3A%2F%2Ft1.daumcdn.net%2Fplace%2F69193ACF05A5485AAEC767A5F0FB4D6C',창고43 강남점,서울 강남구 강남대로 362 대륭강남타워 지하1층 (우)06241
22,친구들과 즐겁게 식사하고 왔어요. 룸도 있어서 룸에서 먹으니 좋네요!,4,매일 11:30 ~ 22:00,'//t1.kakaocdn.net/thumb/T800x0.q80/?fname=http%3A%2F%2Ft1.daumcdn.net%2Fplace%2F69193ACF05A5485AAEC767A5F0FB4D6C',창고43 강남점,서울 강남구 강남대로 362 대륭강남타워 지하1층 (우)06241
23,,5,매일 11:30 ~ 22:00,'//t1.kakaocdn.net/thumb/T800x0.q80/?fname=http%3A%2F%2Ft1.daumcdn.net%2Fplace%2F69193ACF05A5485AAEC767A5F0FB4D6C',창고43 강남점,서울 강남구 강남대로 362 대륭강남타워 지하1층 (우)06241
24,원래 리뷰 아예안쓰는데 처음 씁니다. 오랜만에 왔는데 서비스는 개나 줘버리고 고기올려놓고 까먹은건지 뭔지 오지도 않고 이게 소고기인지 고무씹는건지 모르겠네요. 맛있다고 지인 데려왔는데 다신 안올거같아요 만원짜리 삼겹살집이 더 나았을듯,1,매일 11:30 ~ 22:00,'//t1.kakaocdn.net/thumb/T800x0.q80/?fname=http%3A%2F%2Ft1.daumcdn.net%2Fplace%2F69193ACF05A5485AAEC767A5F0FB4D6C',창고43 강남점,서울 강남구 강남대로 362 대륭강남타워 지하1층 (우)06241
25,아니 고기 몇만원어치를 먹는데 계속 안구워주고 벨을 눌러도 묵묵 부답 진짜 비싼값내고 먹는데 짜증나 죽을뻔함,1,매일 11:30 ~ 22:00,'//t1.kakaocdn.net/thumb/T800x0.q80/?fname=http%3A%2F%2Ft1.daumcdn.net%2Fplace%2F69193ACF05A5485AAEC767A5F0FB4D6C',창고43 강남점,서울 강남구 강남대로 362 대륭강남타워 지하1층 (우)06241
26,,1,매일 11:30 ~ 22:00,'//t1.kakaocdn.net/thumb/T800x0.q80/?fname=http%3A%2F%2Ft1.daumcdn.net%2Fplace%2F69193ACF05A5485AAEC767A5F0FB4D6C',창고43 강남점,서울 강남구 강남대로 362 대륭강남타워 지하1층 (우)06241
27,왠지 모르지만 맛의 기복이 있어요 그리고 나갈 때쯤이면 거의 훈제인간 됨,3,매일 11:30 ~ 22:00,'//t1.kakaocdn.net/thumb/T800x0.q80/?fname=http%3A%2F%2Ft1.daumcdn.net%2Fplace%2F69193ACF05A5485AAEC767A5F0FB4D6C',창고43 강남점,서울 강남구 강남대로 362 대륭강남타워 지하1층 (우)06241
28,후식도있었나요? 못먹음 (디너) 창고43스페셜,2,매일 11:30 ~ 22:00,'//t1.kakaocdn.net/thumb/T800x0.q80/?fname=http%3A%2F%2Ft1.daumcdn.net%2Fplace%2F69193ACF05A5485AAEC767A5F0FB4D6C',창고43 강남점,서울 강남구 강남대로 362 대륭강남타워 지하1층 (우)06241
29,고기질 좋고 잘 구워줌.가격은 비싼 편.(1인당 16.7만 지불),4,매일 11:30 ~ 22:00,'//t1.kakaocdn.net/thumb/T800x0.q80/?fname=http%3A%2F%2Ft1.daumcdn.net%2Fplace%2F69193ACF05A5485AAEC767A5F0FB4D6C',창고43 강남점,서울 강남구 강남대로 362 대륭강남타워 지하1층 (우)06241
30,,4,매일 11:30 ~ 22:00,'//t1.kakaocdn.net/thumb/T800x0.q80/?fname=http%3A%2F%2Ft1.daumcdn.net%2Fplace%2F69193ACF05A5485AAEC767A5F0FB4D6C',창고43 강남점,서울 강남구 강남대로 362 대륭강남타워 지하1층 (우)06241
31,맛있고 깔끔하고 친절하셨어요고기 다 구워주시고 최고,4,매일 11:30 ~ 22:00,'//t1.kakaocdn.net/thumb/T800x0.q80/?fname=http%3A%2F%2Ft1.daumcdn.net%2Fplace%2F69193ACF05A5485AAEC767A5F0FB4D6C',창고43 강남점,서울 강남구 강남대로 362 대륭강남타워 지하1층 (우)06241
32,좋은 고기를 맛 없게 구워먹는 곳이란 느낌을 받았습니다. 고기 상태는 좋은데 구워주시는 분에 따라 평가가 다른 것 같네요.,2,매일 11:30 ~ 22:00,'//t1.kakaocdn.net/thumb/T800x0.q80/?fname=http%3A%2F%2Ft1.daumcdn.net%2Fplace%2F69193ACF05A5485AAEC767A5F0FB4D6C',창고43 강남점,서울 강남구 강남대로 362 대륭강남타워 지하1층 (우)06241
33,,1,매일 11:30 ~ 22:00,'//t1.kakaocdn.net/thumb/T800x0.q80/?fname=http%3A%2F%2Ft1.daumcdn.net%2Fplace%2F69193ACF05A5485AAEC767A5F0FB4D6C',창고43 강남점,서울 강남구 강남대로 362 대륭강남타워 지하1층 (우)06241
34,,3,매일 11:30 ~ 22:00,'//t1.kakaocdn.net/thumb/T800x0.q80/?fname=http%3A%2F%2Ft1.daumcdn.net%2Fplace%2F69193ACF05A5485AAEC767A5F0FB4D6C',창고43 강남점,서울 강남구 강남대로 362 대륭강남타워 지하1층 (우)06241
35,팬은 무쇠팬인거 같은데 진짜 고기 못굽네요. 그냥 점심식사하는 거 외에는 비추. 돈아깝습니다,2,매일 11:30 ~ 22:00,'//t1.kakaocdn.net/thumb/T800x0.q80/?fname=http%3A%2F%2Ft1.daumcdn.net%2Fplace%2F69193ACF05A5485AAEC767A5F0FB4D6C',창고43 강남점,서울 강남구 강남대로 362 대륭강남타워 지하1층 (우)06241
36,회식하기에 좋네요,3,매일 11:30 ~ 22:00,'//t1.kakaocdn.net/thumb/T800x0.q80/?fname=http%3A%2F%2Ft1.daumcdn.net%2Fplace%2F69193ACF05A5485AAEC767A5F0FB4D6C',창고43 강남점,서울 강남구 강남대로 362 대륭강남타워 지하1층 (우)06241
37,좋은점: 고기 맛있다. 친절하다.안 좋은 점: 1. 공기가 아주 매캐하다.  (환기 잘X 목 아픔)2. 어둡다. 지하인데 창문 하나 없고 조명 어두움3. 테이블 다닥다닥 붙어 씨끄럽다.4. 비싼만큼 비싸다.결론: 다신 안감. 창고43 삼성점이 훨씬 낫다,2,매일 11:30 ~ 22:00,'//t1.kakaocdn.net/thumb/T800x0.q80/?fname=http%3A%2F%2Ft1.daumcdn.net%2Fplace%2F69193ACF05A5485AAEC767A5F0FB4D6C',창고43 강남점,서울 강남구 강남대로 362 대륭강남타워 지하1층 (우)06241
38,3명이서 30만원이나 먹었는데 자리도 구석탱이 주고 서빙도 엉망이고 분위기도 별루에요. 예약석 자리 텅텅 비었던데 저도 예약했는데 왜 자리를 그렇게 주나요? 기분 별루였어요,1,매일 11:30 ~ 22:00,'//t1.kakaocdn.net/thumb/T800x0.q80/?fname=http%3A%2F%2Ft1.daumcdn.net%2Fplace%2F69193ACF05A5485AAEC767A5F0FB4D6C',창고43 강남점,서울 강남구 강남대로 362 대륭강남타워 지하1층 (우)06241
39,편하게 먹을수 있음. 맛남~,3,매일 11:30 ~ 22:00,'//t1.kakaocdn.net/thumb/T800x0.q80/?fname=http%3A%2F%2Ft1.daumcdn.net%2Fplace%2F69193ACF05A5485AAEC767A5F0FB4D6C',창고43 강남점,서울 강남구 강남대로 362 대륭강남타워 지하1층 (우)06241
40,창고는 언제나 맛있음  식당이 조금 어둡다는 단점빼고는 다 좋음,4,매일 11:30 ~ 22:00,'//t1.kakaocdn.net/thumb/T800x0.q80/?fname=http%3A%2F%2Ft1.daumcdn.net%2Fplace%2F69193ACF05A5485AAEC767A5F0FB4D6C',창고43 강남점,서울 강남구 강남대로 362 대륭강남타워 지하1층 (우)06241
41,"어머니생신_20180224전반적으로 좋았고, 육회도 굿.",5,매일 11:30 ~ 22:00,'//t1.kakaocdn.net/thumb/T800x0.q80/?fname=http%3A%2F%2Ft1.daumcdn.net%2Fplace%2F69193ACF05A5485AAEC767A5F0FB4D6C',창고43 강남점,서울 강남구 강남대로 362 대륭강남타워 지하1층 (우)06241
42,지하라 어두움너무 사람많음직원은 적음엄청 빠르시긴한데 불편함 먼가.,3,매일 11:30 ~ 22:00,'//t1.kakaocdn.net/thumb/T800x0.q80/?fname=http%3A%2F%2Ft1.daumcdn.net%2Fplace%2F69193ACF05A5485AAEC767A5F0FB4D6C',창고43 강남점,서울 강남구 강남대로 362 대륭강남타워 지하1층 (우)06241
43,cashier 응대가 매우 불쾌했음 직원 교육이필요하네요,1,매일 11:30 ~ 22:00,'//t1.kakaocdn.net/thumb/T800x0.q80/?fname=http%3A%2F%2Ft1.daumcdn.net%2Fplace%2F69193ACF05A5485AAEC767A5F0FB4D6C',창고43 강남점,서울 강남구 강남대로 362 대륭강남타워 지하1층 (우)06241
44,맛있음. 약간 비싸지만 손님과 오기 좋음. 룸도 있고.,5,매일 11:30 ~ 22:00,'//t1.kakaocdn.net/thumb/T800x0.q80/?fname=http%3A%2F%2Ft1.daumcdn.net%2Fplace%2F69193ACF05A5485AAEC767A5F0FB4D6C',창고43 강남점,서울 강남구 강남대로 362 대륭강남타워 지하1층 (우)06241
45,,5,매일 11:30 ~ 22:00,'//t1.kakaocdn.net/thumb/T800x0.q80/?fname=http%3A%2F%2Ft1.daumcdn.net%2Fplace%2F69193ACF05A5485AAEC767A5F0FB4D6C',창고43 강남점,서울 강남구 강남대로 362 대륭강남타워 지하1층 (우)06241
46,깔끔하고 맛도 괜찮아요. 가격은 조금만 저렴했으면,4,매일 11:30 ~ 22:00,'//t1.kakaocdn.net/thumb/T800x0.q80/?fname=http%3A%2F%2Ft1.daumcdn.net%2Fplace%2F69193ACF05A5485AAEC767A5F0FB4D6C',창고43 강남점,서울 강남구 강남대로 362 대륭강남타워 지하1층 (우)06241
47,법카가 요긴하게 사용되는 스타일의 식당달랑 지인과 점심 메뉴로 먹은 갈비탕이라 평가가 조심스럽지만 특별하지는 않았다,3,매일 11:30 ~ 22:00,'//t1.kakaocdn.net/thumb/T800x0.q80/?fname=http%3A%2F%2Ft1.daumcdn.net%2Fplace%2F69193ACF05A5485AAEC767A5F0FB4D6C',창고43 강남점,서울 강남구 강남대로 362 대륭강남타워 지하1층 (우)06241
0,본점에서만 먹다가 강남에 온 김에 먹어봤는데 빨리 익혀서 그런지 겉이 좀 타고 기름이 잘 안 녹아 있어서 엄청 느끼했어요. 먹다가 마늘 장아찌랑 와사비로도 도저히 못 먹겠어서 포기했습니다 … 고기 너무 빨리 익히려고 하지 말아주세요 …,2,월~토 11:30 ~ 21:30,'//t1.kakaocdn.net/thumb/T800x0.q80/?fname=http%3A%2F%2Ft1.daumcdn.net%2Fplace%2F8C7589D501CB47E593A00B394ED8B72A',육전식당 4호점,서울 강남구 테헤란로8길 11-4 1층 (우)06234
1,고기 맛있네요 친절하심 된장밥 필수~,4,월~토 11:30 ~ 21:30,'//t1.kakaocdn.net/thumb/T800x0.q80/?fname=http%3A%2F%2Ft1.daumcdn.net%2Fplace%2F8C7589D501CB47E593A00B394ED8B72A',육전식당 4호점,서울 강남구 테헤란로8길 11-4 1층 (우)06234
2,맛나요ㅎㅎ 고기 구워주셔서 좋고 직원분들이 진짜 다 친절하세요! 근데 반찬이라던지 막 특색이 있진 않아요!! 2인분 양도 너무 적은 느낌이긴 합니다! 그래도 맛있게 잘 먹었어요 ㅎㅎ,4,월~토 11:30 ~ 21:30,'//t1.kakaocdn.net/thumb/T800x0.q80/?fname=http%3A%2F%2Ft1.daumcdn.net%2Fplace%2F8C7589D501CB47E593A00B394ED8B72A',육전식당 4호점,서울 강남구 테헤란로8길 11-4 1층 (우)06234
3,좋아요,4,월~토 11:30 ~ 21:30,'//t1.kakaocdn.net/thumb/T800x0.q80/?fname=http%3A%2F%2Ft1.daumcdn.net%2Fplace%2F8C7589D501CB47E593A00B394ED8B72A',육전식당 4호점,서울 강남구 테헤란로8길 11-4 1층 (우)06234
4,,4,월~토 11:30 ~ 21:30,'//t1.kakaocdn.net/thumb/T800x0.q80/?fname=http%3A%2F%2Ft1.daumcdn.net%2Fplace%2F8C7589D501CB47E593A00B394ED8B72A',육전식당 4호점,서울 강남구 테헤란로8길 11-4 1층 (우)06234
5,그가격에 그맛,3,월~토 11:30 ~ 21:30,'//t1.kakaocdn.net/thumb/T800x0.q80/?fname=http%3A%2F%2Ft1.daumcdn.net%2Fplace%2F8C7589D501CB47E593A00B394ED8B72A',육전식당 4호점,서울 강남구 테헤란로8길 11-4 1층 (우)06234
6,,5,월~토 11:30 ~ 21:30,'//t1.kakaocdn.net/thumb/T800x0.q80/?fname=http%3A%2F%2Ft1.daumcdn.net%2Fplace%2F8C7589D501CB47E593A00B394ED8B72A',육전식당 4호점,서울 강남구 테헤란로8길 11-4 1층 (우)06234
7,진짜 맛있어요( ◜⤙◝ )♡,5,월~토 11:30 ~ 21:30,'//t1.kakaocdn.net/thumb/T800x0.q80/?fname=http%3A%2F%2Ft1.daumcdn.net%2Fplace%2F8C7589D501CB47E593A00B394ED8B72A',육전식당 4호점,서울 강남구 테헤란로8길 11-4 1층 (우)06234
8,맛있어요,5,월~토 11:30 ~ 21:30,'//t1.kakaocdn.net/thumb/T800x0.q80/?fname=http%3A%2F%2Ft1.daumcdn.net%2Fplace%2F8C7589D501CB47E593A00B394ED8B72A',육전식당 4호점,서울 강남구 테헤란로8길 11-4 1층 (우)06234
9,제가 구워먹는 고기를 크게 선호하지 않는 편인데 여긴 진짜 맛있어요 ㅋㅋ 데려간 지인들도 다 만족했어요,5,월~토 11:30 ~ 21:30,'//t1.kakaocdn.net/thumb/T800x0.q80/?fname=http%3A%2F%2Ft1.daumcdn.net%2Fplace%2F8C7589D501CB47E593A00B394ED8B72A',육전식당 4호점,서울 강남구 테헤란로8길 11-4 1층 (우)06234
10,,4,월~토 11:30 ~ 21:30,'//t1.kakaocdn.net/thumb/T800x0.q80/?fname=http%3A%2F%2Ft1.daumcdn.net%2Fplace%2F8C7589D501CB47E593A00B394ED8B72A',육전식당 4호점,서울 강남구 테헤란로8길 11-4 1층 (우)06234
11,무엇보다 친절하시고 맛있어요~~ 항정살은 솔드아웃이라 목살 삼겹만 먹었어요 ~~ 고기 두껍고 굿굿,4,월~토 11:30 ~ 21:30,'//t1.kakaocdn.net/thumb/T800x0.q80/?fname=http%3A%2F%2Ft1.daumcdn.net%2Fplace%2F8C7589D501CB47E593A00B394ED8B72A',육전식당 4호점,서울 강남구 테헤란로8길 11-4 1층 (우)06234
12,"가격이 비싸고 양이 작아서 가성비 면에선 별로지만 삼겹살이 진짜 맛있어요. 육즙 콸콸👍🏻 목살은 삼겹살만큼은 아니었고, 된장찌개는 쏘쏘에 물냉은 진짜 별로에요😨 고기 구워주시는 직원 분 정말 유쾌하셨구 비싸지만 삼겹살 먹으러 또 갈거같아요 ㅎㅎ",4,월~토 11:30 ~ 21:30,'//t1.kakaocdn.net/thumb/T800x0.q80/?fname=http%3A%2F%2Ft1.daumcdn.net%2Fplace%2F8C7589D501CB47E593A00B394ED8B72A',육전식당 4호점,서울 강남구 테헤란로8길 11-4 1층 (우)06234
13,된장찌개 냉면 등은 평범한데 고기가 미쳤음 한 남자직원이 너무 불친절해서 기분 나빴는데그걸 다 용서할 수 있을만큼 존맛,5,월~토 11:30 ~ 21:30,'//t1.kakaocdn.net/thumb/T800x0.q80/?fname=http%3A%2F%2Ft1.daumcdn.net%2Fplace%2F8C7589D501CB47E593A00B394ED8B72A',육전식당 4호점,서울 강남구 테헤란로8길 11-4 1층 (우)06234
14,고기 당연히 맛있고 된장밥도 맛있었구 비빔냉면이 진짜 맛있어요!! 직원분들 고기도 잘구워주시고 엄청 친절하고 유쾌하셔서 기분좋게 식사했어요. 얼린 물티슈도 주시는 센스...!! 유일한 아쉬운점은 양이 약간 작은 점 정도입니당,5,월~토 11:30 ~ 21:30,'//t1.kakaocdn.net/thumb/T800x0.q80/?fname=http%3A%2F%2Ft1.daumcdn.net%2Fplace%2F8C7589D501CB47E593A00B394ED8B72A',육전식당 4호점,서울 강남구 테헤란로8길 11-4 1층 (우)06234
15,가격있는만큼 고기 질이 좋다 사장님 고기굽는 스킬도 좋아서 더 좋다,5,월~토 11:30 ~ 21:30,'//t1.kakaocdn.net/thumb/T800x0.q80/?fname=http%3A%2F%2Ft1.daumcdn.net%2Fplace%2F8C7589D501CB47E593A00B394ED8B72A',육전식당 4호점,서울 강남구 테헤란로8길 11-4 1층 (우)06234
16,진짜 여기저기 다녀봤지만 이곳이 좋다..양은 많은 편은 아니지만 그렇다고 적은 편도 아님!삼겹살 먹고싶을땐 무조건 여기 감.. 쵝오,5,월~토 11:30 ~ 21:30,'//t1.kakaocdn.net/thumb/T800x0.q80/?fname=http%3A%2F%2Ft1.daumcdn.net%2Fplace%2F8C7589D501CB47E593A00B394ED8B72A',육전식당 4호점,서울 강남구 테헤란로8길 11-4 1층 (우)06234
17,,5,월~토 11:30 ~ 21:30,'//t1.kakaocdn.net/thumb/T800x0.q80/?fname=http%3A%2F%2Ft1.daumcdn.net%2Fplace%2F8C7589D501CB47E593A00B394ED8B72A',육전식당 4호점,서울 강남구 테헤란로8길 11-4 1층 (우)06234
18,존맛탱. 양 적고 비싸지만 돈 값합니다. 두꺼운 삼겹살 유행이지만 그 중에서도 뛰어난 맛입니다. 직원들도 친절하십니다. 괜히 사람이 많은 게 아님!!! 재방문의사 200%. 오래오래 다니고싶은 집.,5,월~토 11:30 ~ 21:30,'//t1.kakaocdn.net/thumb/T800x0.q80/?fname=http%3A%2F%2Ft1.daumcdn.net%2Fplace%2F8C7589D501CB47E593A00B394ED8B72A',육전식당 4호점,서울 강남구 테헤란로8길 11-4 1층 (우)06234
19,"가격이 좀 비싸지만 통통하고 넘나 맛있어요,,양 적어서 3명이서 6인분은 먹어줘야해요직원분들 친절해요",5,월~토 11:30 ~ 21:30,'//t1.kakaocdn.net/thumb/T800x0.q80/?fname=http%3A%2F%2Ft1.daumcdn.net%2Fplace%2F8C7589D501CB47E593A00B394ED8B72A',육전식당 4호점,서울 강남구 테헤란로8길 11-4 1층 (우)06234
20,,4,월~토 11:30 ~ 21:30,'//t1.kakaocdn.net/thumb/T800x0.q80/?fname=http%3A%2F%2Ft1.daumcdn.net%2Fplace%2F8C7589D501CB47E593A00B394ED8B72A',육전식당 4호점,서울 강남구 테헤란로8길 11-4 1층 (우)06234
21,"목살, 삼겹살 먹었는데 첫 한점은 정말 맛있는데 나중갈수록 퍽퍽해서 아쉬웠어요ㅜㅠ 남자친구가 강추해서 같이 간 곳인데 고기 구워주시는 직원분에 따라서 고기 맛이 달라지는 거 같아요~ 비빔냉면도 맛있었습니다~",4,월~토 11:30 ~ 21:30,'//t1.kakaocdn.net/thumb/T800x0.q80/?fname=http%3A%2F%2Ft1.daumcdn.net%2Fplace%2F8C7589D501CB47E593A00B394ED8B72A',육전식당 4호점,서울 강남구 테헤란로8길 11-4 1층 (우)06234
22,맛잇어요!̤̮,5,월~토 11:30 ~ 21:30,'//t1.kakaocdn.net/thumb/T800x0.q80/?fname=http%3A%2F%2Ft1.daumcdn.net%2Fplace%2F8C7589D501CB47E593A00B394ED8B72A',육전식당 4호점,서울 강남구 테헤란로8길 11-4 1층 (우)06234
23,맛있게 잘 먹었습니다,4,월~토 11:30 ~ 21:30,'//t1.kakaocdn.net/thumb/T800x0.q80/?fname=http%3A%2F%2Ft1.daumcdn.net%2Fplace%2F8C7589D501CB47E593A00B394ED8B72A',육전식당 4호점,서울 강남구 테헤란로8길 11-4 1층 (우)06234
24,,5,월~토 11:30 ~ 21:30,'//t1.kakaocdn.net/thumb/T800x0.q80/?fname=http%3A%2F%2Ft1.daumcdn.net%2Fplace%2F8C7589D501CB47E593A00B394ED8B72A',육전식당 4호점,서울 강남구 테헤란로8길 11-4 1층 (우)06234
25,입에서 살살 녹아요.ㅎㅎ,4,월~토 11:30 ~ 21:30,'//t1.kakaocdn.net/thumb/T800x0.q80/?fname=http%3A%2F%2Ft1.daumcdn.net%2Fplace%2F8C7589D501CB47E593A00B394ED8B72A',육전식당 4호점,서울 강남구 테헤란로8길 11-4 1층 (우)06234
26,고기맛이 끝내줘요~~,4,월~토 11:30 ~ 21:30,'//t1.kakaocdn.net/thumb/T800x0.q80/?fname=http%3A%2F%2Ft1.daumcdn.net%2Fplace%2F8C7589D501CB47E593A00B394ED8B72A',육전식당 4호점,서울 강남구 테헤란로8길 11-4 1층 (우)06234
27,맛있어요,4,월~토 11:30 ~ 21:30,'//t1.kakaocdn.net/thumb/T800x0.q80/?fname=http%3A%2F%2Ft1.daumcdn.net%2Fplace%2F8C7589D501CB47E593A00B394ED8B72A',육전식당 4호점,서울 강남구 테헤란로8길 11-4 1층 (우)06234
28,육전식당 신설동 본점도 자주 갔는데 강남에도 있길래 방문함. 기대가 너무 컸나 다들 맛나게 먹었지만 부족했음… 많이 시끄러워 대화하는데 목이 아팠다. 고기맛은 여전히 굿.,4,월~토 11:30 ~ 21:30,'//t1.kakaocdn.net/thumb/T800x0.q80/?fname=http%3A%2F%2Ft1.daumcdn.net%2Fplace%2F8C7589D501CB47E593A00B394ED8B72A',육전식당 4호점,서울 강남구 테헤란로8길 11-4 1층 (우)06234
29,오늘은 삼겹살이 질겼어요 목살은 겉바속촉이었는데 삼겹살 살코기 질김 무슨 일이죠? 원래 육즙팡팡 부드럽게 녹았잖아요 고기 상태 신경써주세요... 지인에게 자신있게 소개한 곳이었는데 아쉬운 자리였네요ㅠㅠ,3,월~토 11:30 ~ 21:30,'//t1.kakaocdn.net/thumb/T800x0.q80/?fname=http%3A%2F%2Ft1.daumcdn.net%2Fplace%2F8C7589D501CB47E593A00B394ED8B72A',육전식당 4호점,서울 강남구 테헤란로8길 11-4 1층 (우)06234
30,맛있음,5,월~토 11:30 ~ 21:30,'//t1.kakaocdn.net/thumb/T800x0.q80/?fname=http%3A%2F%2Ft1.daumcdn.net%2Fplace%2F8C7589D501CB47E593A00B394ED8B72A',육전식당 4호점,서울 강남구 테헤란로8길 11-4 1층 (우)06234
31,목살도 존맛 삼겹살은 대존맛사진 왜 못찍었을까 나,5,월~토 11:30 ~ 21:30,'//t1.kakaocdn.net/thumb/T800x0.q80/?fname=http%3A%2F%2Ft1.daumcdn.net%2Fplace%2F8C7589D501CB47E593A00B394ED8B72A',육전식당 4호점,서울 강남구 테헤란로8길 11-4 1층 (우)06234
32,,1,월~토 11:30 ~ 21:30,'//t1.kakaocdn.net/thumb/T800x0.q80/?fname=http%3A%2F%2Ft1.daumcdn.net%2Fplace%2F8C7589D501CB47E593A00B394ED8B72A',육전식당 4호점,서울 강남구 테헤란로8길 11-4 1층 (우)06234
33,고기 자체가 맛있네요!!! 소금 갈치젓 다 맛있어요!,5,월~토 11:30 ~ 21:30,'//t1.kakaocdn.net/thumb/T800x0.q80/?fname=http%3A%2F%2Ft1.daumcdn.net%2Fplace%2F8C7589D501CB47E593A00B394ED8B72A',육전식당 4호점,서울 강남구 테헤란로8길 11-4 1층 (우)06234
34,,5,월~토 11:30 ~ 21:30,'//t1.kakaocdn.net/thumb/T800x0.q80/?fname=http%3A%2F%2Ft1.daumcdn.net%2Fplace%2F8C7589D501CB47E593A00B394ED8B72A',육전식당 4호점,서울 강남구 테헤란로8길 11-4 1층 (우)06234
35,맛잇으느 비싸다으,4,월~토 11:30 ~ 21:30,'//t1.kakaocdn.net/thumb/T800x0.q80/?fname=http%3A%2F%2Ft1.daumcdn.net%2Fplace%2F8C7589D501CB47E593A00B394ED8B72A',육전식당 4호점,서울 강남구 테헤란로8길 11-4 1층 (우)06234
36,친절하고 너무 맛있었어요.고기도 진짜 맛잇게 구워주시고..근데 볶음밥은 진짜 별로에요. 비싼데 맛이없어요..고기많이드세요,5,월~토 11:30 ~ 21:30,'//t1.kakaocdn.net/thumb/T800x0.q80/?fname=http%3A%2F%2Ft1.daumcdn.net%2Fplace%2F8C7589D501CB47E593A00B394ED8B72A',육전식당 4호점,서울 강남구 테헤란로8길 11-4 1층 (우)06234
37,,4,월~토 11:30 ~ 21:30,'//t1.kakaocdn.net/thumb/T800x0.q80/?fname=http%3A%2F%2Ft1.daumcdn.net%2Fplace%2F8C7589D501CB47E593A00B394ED8B72A',육전식당 4호점,서울 강남구 테헤란로8길 11-4 1층 (우)06234
38,ㅈㅁㅌㅌㄱㄹ,5,월~토 11:30 ~ 21:30,'//t1.kakaocdn.net/thumb/T800x0.q80/?fname=http%3A%2F%2Ft1.daumcdn.net%2Fplace%2F8C7589D501CB47E593A00B394ED8B72A',육전식당 4호점,서울 강남구 테헤란로8길 11-4 1층 (우)06234
39,,4,월~토 11:30 ~ 21:30,'//t1.kakaocdn.net/thumb/T800x0.q80/?fname=http%3A%2F%2Ft1.daumcdn.net%2Fplace%2F8C7589D501CB47E593A00B394ED8B72A',육전식당 4호점,서울 강남구 테헤란로8길 11-4 1층 (우)06234
40,,5,월~토 11:30 ~ 21:30,'//t1.kakaocdn.net/thumb/T800x0.q80/?fname=http%3A%2F%2Ft1.daumcdn.net%2Fplace%2F8C7589D501CB47E593A00B394ED8B72A',육전식당 4호점,서울 강남구 테헤란로8길 11-4 1층 (우)06234
41,맛은 있지만 가성비는 좋지 않아요,3,월~토 11:30 ~ 21:30,'//t1.kakaocdn.net/thumb/T800x0.q80/?fname=http%3A%2F%2Ft1.daumcdn.net%2Fplace%2F8C7589D501CB47E593A00B394ED8B72A',육전식당 4호점,서울 강남구 테헤란로8길 11-4 1층 (우)06234
42,맛있고 직원 분들이 매우 친절하셨어요,4,월~토 11:30 ~ 21:30,'//t1.kakaocdn.net/thumb/T800x0.q80/?fname=http%3A%2F%2Ft1.daumcdn.net%2Fplace%2F8C7589D501CB47E593A00B394ED8B72A',육전식당 4호점,서울 강남구 테헤란로8길 11-4 1층 (우)06234
43,직원 친절. 고기 맛있음. 가격은 비쌈,4,월~토 11:30 ~ 21:30,'//t1.kakaocdn.net/thumb/T800x0.q80/?fname=http%3A%2F%2Ft1.daumcdn.net%2Fplace%2F8C7589D501CB47E593A00B394ED8B72A',육전식당 4호점,서울 강남구 테헤란로8길 11-4 1층 (우)06234
44,깔끔하고 맛있어요,5,월~토 11:30 ~ 21:30,'//t1.kakaocdn.net/thumb/T800x0.q80/?fname=http%3A%2F%2Ft1.daumcdn.net%2Fplace%2F8C7589D501CB47E593A00B394ED8B72A',육전식당 4호점,서울 강남구 테헤란로8길 11-4 1층 (우)06234
45,"삼겹, 목살, 항정살 세개 먹어본것중 갠적으론 삼겹, 목살이 맛있음.식당에서 먹은 고기중 맛이 손에 꼽힘 그러나 가격도 손에 꼽힘+ 직원분들 친절",4,월~토 11:30 ~ 21:30,'//t1.kakaocdn.net/thumb/T800x0.q80/?fname=http%3A%2F%2Ft1.daumcdn.net%2Fplace%2F8C7589D501CB47E593A00B394ED8B72A',육전식당 4호점,서울 강남구 테헤란로8길 11-4 1층 (우)06234
46,,5,월~토 11:30 ~ 21:30,'//t1.kakaocdn.net/thumb/T800x0.q80/?fname=http%3A%2F%2Ft1.daumcdn.net%2Fplace%2F8C7589D501CB47E593A00B394ED8B72A',육전식당 4호점,서울 강남구 테헤란로8길 11-4 1층 (우)06234
47,,4,월~토 11:30 ~ 21:30,'//t1.kakaocdn.net/thumb/T800x0.q80/?fname=http%3A%2F%2Ft1.daumcdn.net%2Fplace%2F8C7589D501CB47E593A00B394ED8B72A',육전식당 4호점,서울 강남구 테헤란로8길 11-4 1층 (우)06234
48,,5,월~토 11:30 ~ 21:30,'//t1.kakaocdn.net/thumb/T800x0.q80/?fname=http%3A%2F%2Ft1.daumcdn.net%2Fplace%2F8C7589D501CB47E593A00B394ED8B72A',육전식당 4호점,서울 강남구 테헤란로8길 11-4 1층 (우)06234
49,진짜 맛있어요... 깜놀.....ㅠㅠ육즙이 미침.. 직원분들도 친절하시고 감사합니다! 맛있게 먹고가요~,5,월~토 11:30 ~ 21:30,'//t1.kakaocdn.net/thumb/T800x0.q80/?fname=http%3A%2F%2Ft1.daumcdn.net%2Fplace%2F8C7589D501CB47E593A00B394ED8B72A',육전식당 4호점,서울 강남구 테헤란로8길 11-4 1층 (우)06234
50,명심하세요.삼겹살은 육전식당 입니다.본점갈필요없어요.사장님 운영정신 좋으십니다.,5,월~토 11:30 ~ 21:30,'//t1.kakaocdn.net/thumb/T800x0.q80/?fname=http%3A%2F%2Ft1.daumcdn.net%2Fplace%2F8C7589D501CB47E593A00B394ED8B72A',육전식당 4호점,서울 강남구 테헤란로8길 11-4 1층 (우)06234
51,"3~4점 정도고기는 150g에 16,000₩으로 올랐어요오늘도 나는 다른 고깃집을 찾아 떠난다....",3,월~토 11:30 ~ 21:30,'//t1.kakaocdn.net/thumb/T800x0.q80/?fname=http%3A%2F%2Ft1.daumcdn.net%2Fplace%2F8C7589D501CB47E593A00B394ED8B72A',육전식당 4호점,서울 강남구 테헤란로8길 11-4 1층 (우)06234
52,고기 맛있습니다. 오랜시간 웨이팅 해야하는지는 잘.,3,월~토 11:30 ~ 21:30,'//t1.kakaocdn.net/thumb/T800x0.q80/?fname=http%3A%2F%2Ft1.daumcdn.net%2Fplace%2F8C7589D501CB47E593A00B394ED8B72A',육전식당 4호점,서울 강남구 테헤란로8길 11-4 1층 (우)06234
53,,5,월~토 11:30 ~ 21:30,'//t1.kakaocdn.net/thumb/T800x0.q80/?fname=http%3A%2F%2Ft1.daumcdn.net%2Fplace%2F8C7589D501CB47E593A00B394ED8B72A',육전식당 4호점,서울 강남구 테헤란로8길 11-4 1층 (우)06234
54,고기 육즙 굳 사람 많아서 노굳,5,월~토 11:30 ~ 21:30,'//t1.kakaocdn.net/thumb/T800x0.q80/?fname=http%3A%2F%2Ft1.daumcdn.net%2Fplace%2F8C7589D501CB47E593A00B394ED8B72A',육전식당 4호점,서울 강남구 테헤란로8길 11-4 1층 (우)06234
55,,5,월~토 11:30 ~ 21:30,'//t1.kakaocdn.net/thumb/T800x0.q80/?fname=http%3A%2F%2Ft1.daumcdn.net%2Fplace%2F8C7589D501CB47E593A00B394ED8B72A',육전식당 4호점,서울 강남구 테헤란로8길 11-4 1층 (우)06234
56,진짜여기는 언제먹어두 마싯슴 근데 친절하기까지함 ㅠ3ㅠ,5,월~토 11:30 ~ 21:30,'//t1.kakaocdn.net/thumb/T800x0.q80/?fname=http%3A%2F%2Ft1.daumcdn.net%2Fplace%2F8C7589D501CB47E593A00B394ED8B72A',육전식당 4호점,서울 강남구 테헤란로8길 11-4 1층 (우)06234
57,"서비스는 좋음. 그러나 이 가격에 먹을 만한 품질은 아니라는 생각. 비계가 많고 질긴 고기를 크게 썰어주기까지 하니 먹기 불편했고, 사이드로 시킨 된장찌개와 냉면도 평범한 수준이었음. 게다가 서빙하는 종업원들과 달리 요리사들은 마스크를 벗고 있어서... 불 앞에서 일하느라 더운 건 알겠는데 시국이 시국이니만큼 좀 더 신경써줬으면.",3,월~토 11:30 ~ 21:30,'//t1.kakaocdn.net/thumb/T800x0.q80/?fname=http%3A%2F%2Ft1.daumcdn.net%2Fplace%2F8C7589D501CB47E593A00B394ED8B72A',육전식당 4호점,서울 강남구 테헤란로8길 11-4 1층 (우)06234
58,맛있다. 하지만 서울 Top1은 아니라고 생각된다.,4,월~토 11:30 ~ 21:30,'//t1.kakaocdn.net/thumb/T800x0.q80/?fname=http%3A%2F%2Ft1.daumcdn.net%2Fplace%2F8C7589D501CB47E593A00B394ED8B72A',육전식당 4호점,서울 강남구 테헤란로8길 11-4 1층 (우)06234
59,삼겹살이 과장 많이 안하고 녹아없어지는 경험은 처음인거같아서 또가고싶다.,4,월~토 11:30 ~ 21:30,'//t1.kakaocdn.net/thumb/T800x0.q80/?fname=http%3A%2F%2Ft1.daumcdn.net%2Fplace%2F8C7589D501CB47E593A00B394ED8B72A',육전식당 4호점,서울 강남구 테헤란로8길 11-4 1층 (우)06234
60,먹어본 돼지중에 최고,4,월~토 11:30 ~ 21:30,'//t1.kakaocdn.net/thumb/T800x0.q80/?fname=http%3A%2F%2Ft1.daumcdn.net%2Fplace%2F8C7589D501CB47E593A00B394ED8B72A',육전식당 4호점,서울 강남구 테헤란로8길 11-4 1층 (우)06234
61,,5,월~토 11:30 ~ 21:30,'//t1.kakaocdn.net/thumb/T800x0.q80/?fname=http%3A%2F%2Ft1.daumcdn.net%2Fplace%2F8C7589D501CB47E593A00B394ED8B72A',육전식당 4호점,서울 강남구 테헤란로8길 11-4 1층 (우)06234
62,하남돼지집이랑 투톱,5,월~토 11:30 ~ 21:30,'//t1.kakaocdn.net/thumb/T800x0.q80/?fname=http%3A%2F%2Ft1.daumcdn.net%2Fplace%2F8C7589D501CB47E593A00B394ED8B72A',육전식당 4호점,서울 강남구 테헤란로8길 11-4 1층 (우)06234
63,고기는 맛있는데 사람이 많아서 약간 시장통 분위기,4,월~토 11:30 ~ 21:30,'//t1.kakaocdn.net/thumb/T800x0.q80/?fname=http%3A%2F%2Ft1.daumcdn.net%2Fplace%2F8C7589D501CB47E593A00B394ED8B72A',육전식당 4호점,서울 강남구 테헤란로8길 11-4 1층 (우)06234
64,그럭저럭~,2,월~토 11:30 ~ 21:30,'//t1.kakaocdn.net/thumb/T800x0.q80/?fname=http%3A%2F%2Ft1.daumcdn.net%2Fplace%2F8C7589D501CB47E593A00B394ED8B72A',육전식당 4호점,서울 강남구 테헤란로8길 11-4 1층 (우)06234
65,삼겹살 시키면 잘 보세요 비계덩어리에요. 비계가 80%라서 바꿔달라고 해도 안바꿔주려고 난리임. 기분더러움. 고기가 아닌 걍 기름덩어리던데 비싼데 돈아까움.,1,월~토 11:30 ~ 21:30,'//t1.kakaocdn.net/thumb/T800x0.q80/?fname=http%3A%2F%2Ft1.daumcdn.net%2Fplace%2F8C7589D501CB47E593A00B394ED8B72A',육전식당 4호점,서울 강남구 테헤란로8길 11-4 1층 (우)06234
66,고기가 너무 질긴데 크게 썰어주니까 턱아픔명성이 자자한 육전식당은 강남점은 아닌걸로...,2,월~토 11:30 ~ 21:30,'//t1.kakaocdn.net/thumb/T800x0.q80/?fname=http%3A%2F%2Ft1.daumcdn.net%2Fplace%2F8C7589D501CB47E593A00B394ED8B72A',육전식당 4호점,서울 강남구 테헤란로8길 11-4 1층 (우)06234
67,,4,월~토 11:30 ~ 21:30,'//t1.kakaocdn.net/thumb/T800x0.q80/?fname=http%3A%2F%2Ft1.daumcdn.net%2Fplace%2F8C7589D501CB47E593A00B394ED8B72A',육전식당 4호점,서울 강남구 테헤란로8길 11-4 1층 (우)06234
68,,3,월~토 11:30 ~ 21:30,'//t1.kakaocdn.net/thumb/T800x0.q80/?fname=http%3A%2F%2Ft1.daumcdn.net%2Fplace%2F8C7589D501CB47E593A00B394ED8B72A',육전식당 4호점,서울 강남구 테헤란로8길 11-4 1층 (우)06234
69,직원분들도 너무친절하시고 부족한거 있으면 눈치빠르게 가져다주심 고기도 너무 맛있어요 꼭 가보시길 으이!,5,월~토 11:30 ~ 21:30,'//t1.kakaocdn.net/thumb/T800x0.q80/?fname=http%3A%2F%2Ft1.daumcdn.net%2Fplace%2F8C7589D501CB47E593A00B394ED8B72A',육전식당 4호점,서울 강남구 테헤란로8길 11-4 1층 (우)06234
70,완전 친절하고 완전 맛있음 특히 목살. 양이 조금 적은게 아쉬워서 4개,4,월~토 11:30 ~ 21:30,'//t1.kakaocdn.net/thumb/T800x0.q80/?fname=http%3A%2F%2Ft1.daumcdn.net%2Fplace%2F8C7589D501CB47E593A00B394ED8B72A',육전식당 4호점,서울 강남구 테헤란로8길 11-4 1층 (우)06234
71,서비스 맛 가격이 고퀄명이나물은 굳이 시켰다 싶은게 다른 찬이 다 괜춘함,4,월~토 11:30 ~ 21:30,'//t1.kakaocdn.net/thumb/T800x0.q80/?fname=http%3A%2F%2Ft1.daumcdn.net%2Fplace%2F8C7589D501CB47E593A00B394ED8B72A',육전식당 4호점,서울 강남구 테헤란로8길 11-4 1층 (우)06234
72,가격을 비싸지만 맛있고 구워주니 좋음,4,월~토 11:30 ~ 21:30,'//t1.kakaocdn.net/thumb/T800x0.q80/?fname=http%3A%2F%2Ft1.daumcdn.net%2Fplace%2F8C7589D501CB47E593A00B394ED8B72A',육전식당 4호점,서울 강남구 테헤란로8길 11-4 1층 (우)06234
73,재방문 의사있음,4,월~토 11:30 ~ 21:30,'//t1.kakaocdn.net/thumb/T800x0.q80/?fname=http%3A%2F%2Ft1.daumcdn.net%2Fplace%2F8C7589D501CB47E593A00B394ED8B72A',육전식당 4호점,서울 강남구 테헤란로8길 11-4 1층 (우)06234
74,완전 맛있었음.4호점 오픈하고 얼마안됐을 때 가서 5시 조금 전에 가서 오픈전까지 잠깐 기다린터라 별로 안기다려서 더 좋았던 기억.,5,월~토 11:30 ~ 21:30,'//t1.kakaocdn.net/thumb/T800x0.q80/?fname=http%3A%2F%2Ft1.daumcdn.net%2Fplace%2F8C7589D501CB47E593A00B394ED8B72A',육전식당 4호점,서울 강남구 테헤란로8길 11-4 1층 (우)06234
75,진짜 지금까지 먹어본 돼지고기 중 역대급. 고기질도 좋은데 맛있게 잘 구워주시는 것도 커요.별 하나는 웨이팅 너무 심해서 뺐어요. 금요일 퇴근하고 갔더니 한시간 반 기다렸어요ㅠㅠㅠ,4,월~토 11:30 ~ 21:30,'//t1.kakaocdn.net/thumb/T800x0.q80/?fname=http%3A%2F%2Ft1.daumcdn.net%2Fplace%2F8C7589D501CB47E593A00B394ED8B72A',육전식당 4호점,서울 강남구 테헤란로8길 11-4 1층 (우)06234
76,고기자체로만 본다면 맛있습니다. 다만 가격에 비해 양이 너무 적어요ㅠㅠ 특히 볶음밥이 왜 4천원인지는 모르겠습니다..,4,월~토 11:30 ~ 21:30,'//t1.kakaocdn.net/thumb/T800x0.q80/?fname=http%3A%2F%2Ft1.daumcdn.net%2Fplace%2F8C7589D501CB47E593A00B394ED8B72A',육전식당 4호점,서울 강남구 테헤란로8길 11-4 1층 (우)06234
77,,5,월~토 11:30 ~ 21:30,'//t1.kakaocdn.net/thumb/T800x0.q80/?fname=http%3A%2F%2Ft1.daumcdn.net%2Fplace%2F8C7589D501CB47E593A00B394ED8B72A',육전식당 4호점,서울 강남구 테헤란로8길 11-4 1층 (우)06234
78,저의 최애 돼지집!!삼겹살과 볶음밥 정말 강추합니다.,5,월~토 11:30 ~ 21:30,'//t1.kakaocdn.net/thumb/T800x0.q80/?fname=http%3A%2F%2Ft1.daumcdn.net%2Fplace%2F8C7589D501CB47E593A00B394ED8B72A',육전식당 4호점,서울 강남구 테헤란로8길 11-4 1층 (우)06234
79,"친절한 매니저님, 서버분들은 기본 베이스. 고기는 말도 못할 정도로 늘 최상으로 맛있고, 곁찬부터 된찌까지 나무랄 데가 없다. 웨이팅만 없다면 근방 식당에서 단언컨대 원톱이라 자부함. 갈 때 마다 늘 기복없이 기분 좋게 식사할 수 있도록 해주셔서 감사함.",5,월~토 11:30 ~ 21:30,'//t1.kakaocdn.net/thumb/T800x0.q80/?fname=http%3A%2F%2Ft1.daumcdn.net%2Fplace%2F8C7589D501CB47E593A00B394ED8B72A',육전식당 4호점,서울 강남구 테헤란로8길 11-4 1층 (우)06234
80,목살 너무 취저!! 냉면도 얇은면이라 너무 좋음. 고기도 맛있고 냉명도 맛있어! 일하시는 분들도 너무 친절하고 유쾌하심!! 근데 별 하나 빼는 이유는 대기 시간이 길고 ㅠㅜ 명이 나물 2천원 추가라서 눈물 또로로 ㅠㅜ 그래도 또 갈께요!!!,4,월~토 11:30 ~ 21:30,'//t1.kakaocdn.net/thumb/T800x0.q80/?fname=http%3A%2F%2Ft1.daumcdn.net%2Fplace%2F8C7589D501CB47E593A00B394ED8B72A',육전식당 4호점,서울 강남구 테헤란로8길 11-4 1층 (우)06234
81,점심 제육볶음 좋습니다.,4,월~토 11:30 ~ 21:30,'//t1.kakaocdn.net/thumb/T800x0.q80/?fname=http%3A%2F%2Ft1.daumcdn.net%2Fplace%2F8C7589D501CB47E593A00B394ED8B72A',육전식당 4호점,서울 강남구 테헤란로8길 11-4 1층 (우)06234
82,"일본인 친구랑 먹으러갔는데 (일본어로 대화하고 한국어 다 알아들음)밤 10시정도 됐을때 여자직원분께서 ""일본인ㅈㄴ안간다"" 이러시는걸 들어서 기분이 상당히 안좋았습니다... 밤 11시까지 영업인걸로 아는데 화장실도 10시부터 잠가버리시고ㅠ 담부터는 웨이팅이 길더라도 다른 지점으로 가볼게요",1,월~토 11:30 ~ 21:30,'//t1.kakaocdn.net/thumb/T800x0.q80/?fname=http%3A%2F%2Ft1.daumcdn.net%2Fplace%2F8C7589D501CB47E593A00B394ED8B72A',육전식당 4호점,서울 강남구 테헤란로8길 11-4 1층 (우)06234
83,개맛집.,5,월~토 11:30 ~ 21:30,'//t1.kakaocdn.net/thumb/T800x0.q80/?fname=http%3A%2F%2Ft1.daumcdn.net%2Fplace%2F8C7589D501CB47E593A00B394ED8B72A',육전식당 4호점,서울 강남구 테헤란로8길 11-4 1층 (우)06234
84,,3,월~토 11:30 ~ 21:30,'//t1.kakaocdn.net/thumb/T800x0.q80/?fname=http%3A%2F%2Ft1.daumcdn.net%2Fplace%2F8C7589D501CB47E593A00B394ED8B72A',육전식당 4호점,서울 강남구 테헤란로8길 11-4 1층 (우)06234
85,이 맛을 위해서라면 웨이팅은 물론 웨이터도 될 수 있어!,5,월~토 11:30 ~ 21:30,'//t1.kakaocdn.net/thumb/T800x0.q80/?fname=http%3A%2F%2Ft1.daumcdn.net%2Fplace%2F8C7589D501CB47E593A00B394ED8B72A',육전식당 4호점,서울 강남구 테헤란로8길 11-4 1층 (우)06234
86,,4,월~토 11:30 ~ 21:30,'//t1.kakaocdn.net/thumb/T800x0.q80/?fname=http%3A%2F%2Ft1.daumcdn.net%2Fplace%2F8C7589D501CB47E593A00B394ED8B72A',육전식당 4호점,서울 강남구 테헤란로8길 11-4 1층 (우)06234
87,너무 맛있고 직원들도 친절한데 돼지같이생긴 여자가 너무 싸가지없음 완전 똥씹은표정짓고 일하기싫으면 집에가던지.. 왜나와서 밥먹으러온사람들 기분잡치게만드는지 이해가안가네요,3,월~토 11:30 ~ 21:30,'//t1.kakaocdn.net/thumb/T800x0.q80/?fname=http%3A%2F%2Ft1.daumcdn.net%2Fplace%2F8C7589D501CB47E593A00B394ED8B72A',육전식당 4호점,서울 강남구 테헤란로8길 11-4 1층 (우)06234
88,,5,월~토 11:30 ~ 21:30,'//t1.kakaocdn.net/thumb/T800x0.q80/?fname=http%3A%2F%2Ft1.daumcdn.net%2Fplace%2F8C7589D501CB47E593A00B394ED8B72A',육전식당 4호점,서울 강남구 테헤란로8길 11-4 1층 (우)06234
89,,4,월~토 11:30 ~ 21:30,'//t1.kakaocdn.net/thumb/T800x0.q80/?fname=http%3A%2F%2Ft1.daumcdn.net%2Fplace%2F8C7589D501CB47E593A00B394ED8B72A',육전식당 4호점,서울 강남구 테헤란로8길 11-4 1층 (우)06234
90,,5,월~토 11:30 ~ 21:30,'//t1.kakaocdn.net/thumb/T800x0.q80/?fname=http%3A%2F%2Ft1.daumcdn.net%2Fplace%2F8C7589D501CB47E593A00B394ED8B72A',육전식당 4호점,서울 강남구 테헤란로8길 11-4 1층 (우)06234
91,계산하는분빼고는모두가 너무친졀!!!!또갈거에용,4,월~토 11:30 ~ 21:30,'//t1.kakaocdn.net/thumb/T800x0.q80/?fname=http%3A%2F%2Ft1.daumcdn.net%2Fplace%2F8C7589D501CB47E593A00B394ED8B72A',육전식당 4호점,서울 강남구 테헤란로8길 11-4 1층 (우)06234
92,항정상 목살 먹었는데 맛있었어요6시 전에 가서 앉아 먹었는데 6시 이후로는 줄서더라구요저 고기 구워주신 직원분도 매우 친절했어요팁 드리고 싶었는데 현금을 안들고 다니는 죄인이라...ㅜㅜ,5,월~토 11:30 ~ 21:30,'//t1.kakaocdn.net/thumb/T800x0.q80/?fname=http%3A%2F%2Ft1.daumcdn.net%2Fplace%2F8C7589D501CB47E593A00B394ED8B72A',육전식당 4호점,서울 강남구 테헤란로8길 11-4 1층 (우)06234
93,여기 고기가 질겨요. 육즙도 그리 호평할 정도는 절대 아닙니다. 줄 까지 서서 먹을 이유가 전혀 없는듯;; 그리고 직원들이 불필요한 말들을 너무 많이 해서 불편합니다. 가격만 비싼거지 품질이나 서비스는 평균수준입니다.,2,월~토 11:30 ~ 21:30,'//t1.kakaocdn.net/thumb/T800x0.q80/?fname=http%3A%2F%2Ft1.daumcdn.net%2Fplace%2F8C7589D501CB47E593A00B394ED8B72A',육전식당 4호점,서울 강남구 테헤란로8길 11-4 1층 (우)06234
94,,5,월~토 11:30 ~ 21:30,'//t1.kakaocdn.net/thumb/T800x0.q80/?fname=http%3A%2F%2Ft1.daumcdn.net%2Fplace%2F8C7589D501CB47E593A00B394ED8B72A',육전식당 4호점,서울 강남구 테헤란로8길 11-4 1층 (우)06234
95,5살 남자아이와 갔습니다.매우 순하고 있는지도 모르겠는 시끄럽지않는 아이입니다.잠시 아이가 일어났다가 앉는 사이 사이다컵이 닿아 쓰러졌습니다.아이도 표정이 놀랐고 저는 빨리 앉으라며 여기서 일어서면 안된다고 주의를 주었습니다.그때 여자 직원분이 보시고 닦으러 오시면서 아이에게 그러니까 의자에서 일어나면 안된다며 단호한톤으로 혼을 내셨습니다.아이가 놀라 평소와다르게 참는듯이 소리를 작게내며 울었습니다.그러니 여자직원분이 아이고 약하게 여자네 여자~ 라고 하셨습니다.아이가 저에게 요리사는 무섭다고 작게 속삭이며 울먹였습니다.요리사 트라우마가 생긴것같습니다.굳이 부모가 제어하고있는 와중에도 그러셔야했는지^^;요새 맘ㅊ맘ㅊ 난리니 혹여 오해받을까 그냥 지나치고 왔습니다.,1,월~토 11:30 ~ 21:30,'//t1.kakaocdn.net/thumb/T800x0.q80/?fname=http%3A%2F%2Ft1.daumcdn.net%2Fplace%2F8C7589D501CB47E593A00B394ED8B72A',육전식당 4호점,서울 강남구 테헤란로8길 11-4 1층 (우)06234
96,웨이팅은 한 15분 정도..? 직원분이 몹시 친절했어요 ㅎㅎ 고기는 다른분들 평처럼 맛있어요~,5,월~토 11:30 ~ 21:30,'//t1.kakaocdn.net/thumb/T800x0.q80/?fname=http%3A%2F%2Ft1.daumcdn.net%2Fplace%2F8C7589D501CB47E593A00B394ED8B72A',육전식당 4호점,서울 강남구 테헤란로8길 11-4 1층 (우)06234
97,,2,월~토 11:30 ~ 21:30,'//t1.kakaocdn.net/thumb/T800x0.q80/?fname=http%3A%2F%2Ft1.daumcdn.net%2Fplace%2F8C7589D501CB47E593A00B394ED8B72A',육전식당 4호점,서울 강남구 테헤란로8길 11-4 1층 (우)06234
